actual_lp,var_lp,rw_lp
5.60378205258786,5.60655636897269,5.603687407628554
5.609204926395559,5.607344798754675,5.60487938154541
5.599289863871647,5.6085756672620874,5.606071355462266
5.604406484483037,5.6097397707834045,5.607263329379121
5.609716129529893,5.610913685360116,5.608455303295977
5.608217664454537,5.612086149228312,5.609647277212833
5.60953361093258,5.6132588272911095,5.610839251129689
5.607046453790915,5.6144314737175405,5.612031225046545
5.602568938297241,5.615604124816257,5.613223198963401
5.5994375654190325,5.616776775224924,5.614415172880256
