"actual_lp","arima_lp","lo","hi","rw_lp"
5.6037821650117,5.60457964822633,5.56658894236636,5.64257035408631,5.60368729493089
5.60920481457972,5.60570017190635,5.55404804713834,5.65735229667436,5.60487926871868
5.59928986387165,5.60689669564281,5.54437326383238,5.66942012745324,5.60607124250647
5.60440648448304,5.60808722644694,5.53632996292084,5.67984448997304,5.60726321629426
5.60971612952989,5.60927822981964,5.5293461733047,5.68921028633458,5.60845519008205
5.60821755252825,5.61046919592826,5.52312416578174,5.69781422607479,5.60964716386984
5.60953361093258,5.61166016497532,5.51748386452171,5.70583646542894,5.61083913765763
5.60704645379091,5.61285113379068,5.51230663223918,5.71339563534217,5.61203111144542
5.60256893829724,5.6140421026243,5.50750939393186,5.72057481131674,5.61322308523321
5.59943745250569,5.61523307145648,5.50303129228101,5.72743485063195,5.614415059021
