actual_lp,arima_lp,lo,hi,rw_lp
5.60378205258786,5.604574913932717,5.566613579142995,5.642536248722438,5.603687407628554
5.609204926395559,5.605692756093168,5.554076829031199,5.657308683155137,5.60487938154541
5.599289863871647,5.606886287912268,5.544405491021747,5.669367084802788,5.606071355462266
5.604406484483037,5.608073862267055,5.53636477689876,5.67978294763535,5.607263329379121
5.609716129529893,5.6092619055284505,5.529383007123762,5.689140803933139,5.608455303295977
5.608217664454537,5.6104499118826325,5.523162594217252,5.697737229548013,5.609647277212833
5.60953361093258,5.611637921141748,5.5175235552066955,5.7057522870768,5.610839251129689
5.607046453790915,5.612825930172218,5.5123473161516445,5.713304544192792,5.612031225046545
5.602568938297241,5.614013939220685,5.507550847589973,5.720477030851398,5.613223198963401
5.5994375654190325,5.615201948267735,5.503073326215497,5.727330570319974,5.614415172880256
