"actual_lp","garch_lp","lo","hi"
5.6037821650117,5.60408159404177,5.5790834869912,5.62907970109233
5.60920481457972,5.60569133210574,5.56993009102195,5.64145257318953
5.59928986387165,5.60730111713228,5.56301862987905,5.65158360438551
5.60440648448304,5.60891090225281,5.5572368406444,5.66058496386122
5.60971612952989,5.61052068737353,5.55216152097569,5.66887985377138
5.60821755252825,5.61213047249425,5.54757945060298,5.67668149438553
5.60953361093258,5.61374025761497,5.54336620285002,5.68411431237992
5.60704645379091,5.61535004273569,5.53944212988655,5.69125795558483
5.60256893829724,5.61695982785641,5.53575286477536,5.69816679093746
5.59943745250569,5.61856961297713,5.53225949135349,5.70487973460077
