actual_lp,garch_lp,lo,hi
5.60378205258786,5.604138351172141,5.578987138483701,5.629289563860581
5.609204926395559,5.605770143770326,5.570364101851932,5.64117618568872
5.599289863871647,5.607401946873725,5.563578874421107,5.6512250193263425
5.604406484483037,5.609033749967203,5.557916452792405,5.660151047142001
5.609716129529893,5.6106655530606915,5.552956285341076,5.668374820780307
5.608217664454537,5.612297356154179,5.548486288299367,5.676108424008991
5.60953361093258,5.613929159247667,5.5443825885560685,5.683475729939266
5.607046453790915,5.6155609623411555,5.540565828442396,5.690556096239915
5.602568938297241,5.617192765434643,5.536981800501509,5.697403730367777
5.5994375654190325,5.618824568528131,5.533591679526215,5.704057457530047
