date,sigma_ann
2019-01-03,
2019-01-04,28.048452995183936
2019-01-07,33.23159294025655
2019-01-08,31.606316121160138
2019-01-09,31.22408709313527
2019-01-10,30.628833750089363
2019-01-11,29.16749925367792
2019-01-14,28.38276526201667
2019-01-15,28.3228290198228
2019-01-16,28.54315699366718
2019-01-17,27.72998378725495
2019-01-18,26.584038946889823
2019-01-22,25.549127970898798
2019-01-23,27.261493448170853
2019-01-24,26.09804878084597
2019-01-25,25.448047393498197
2019-01-28,28.75623355602875
2019-01-29,27.956021689874525
2019-01-30,27.35488153795651
2019-01-31,41.041899784207324
2019-02-01,38.86000035830709
2019-02-04,36.74854268390085
2019-02-05,37.122340662001825
2019-02-06,35.93752740710016
2019-02-07,34.050625338123886
2019-02-08,33.871962424667196
2019-02-11,32.14125978746294
2019-02-12,30.762256693118395
2019-02-13,29.477239542445616
2019-02-14,28.24371395782889
2019-02-15,26.98818965487191
2019-02-19,25.891390492213574
2019-02-20,24.829887669915635
2019-02-21,23.969335149938235
2019-02-22,23.346821191998973
2019-02-25,22.981023321217034
2019-02-26,22.347067600948076
2019-02-27,21.60771915898402
2019-02-28,20.945927301976642
2019-03-01,21.107419004292534
2019-03-04,20.934140844867688
2019-03-05,20.39465634243148
2019-03-06,19.9134350972176
2019-03-07,19.74656558342577
2019-03-08,20.332204079661746
2019-03-11,19.78848543112034
2019-03-12,25.009778040477116
2019-03-13,24.472641820380975
2019-03-14,23.568938122081082
2019-03-15,23.174582645049224
2019-03-18,23.028292844567066
2019-03-19,22.60942886493371
2019-03-20,22.33901170607622
2019-03-21,21.870319554465357
2019-03-22,27.119333559458745
2019-03-25,28.198017356269638
2019-03-26,27.768898891322564
2019-03-27,27.1844321078716
2019-03-28,26.247689011182754
2019-03-29,25.14644418848289
2019-04-01,24.259916198692515
2019-04-02,23.47173724043439
2019-04-03,23.47651433228075
2019-04-04,22.76858022751474
2019-04-05,21.983027383930494
2019-04-08,21.41576456583093
2019-04-09,21.865368007676377
2019-04-10,21.287376827209183
2019-04-11,20.736127055250986
2019-04-12,20.735719738965894
2019-04-15,20.17293160516703
2019-04-16,19.642401523216755
2019-04-17,19.18113901076932
2019-04-18,20.657060558828185
2019-04-22,20.100553946949063
2019-04-23,19.594002509590123
2019-04-24,20.11116398986354
2019-04-25,19.648159344576143
2019-04-26,19.884087525793745
2019-04-29,19.637919477773078
2019-04-30,19.162497698577766
2019-05-01,21.40115330772136
2019-05-02,30.75377463835534
2019-05-03,29.54170734904799
2019-05-06,28.646222507627222
2019-05-07,28.609679731678522
2019-05-08,30.784736744412555
2019-05-09,29.309230431676177
2019-05-10,28.604827650775583
2019-05-13,28.352898371759036
2019-05-14,40.546571985177515
2019-05-15,38.91663112871829
2019-05-16,37.14131191119766
2019-05-17,35.28047891073047
2019-05-20,33.631907368975064
2019-05-21,35.88209521940462
2019-05-22,35.04060452716931
2019-05-23,34.973077053418
2019-05-24,34.42372760418828
2019-05-28,32.760085771324896
2019-05-29,31.245579688859284
2019-05-30,29.89015241412043
2019-05-31,28.532041447444882
2019-06-03,28.933363848148495
2019-06-04,28.203946333635205
2019-06-05,31.756402632802416
2019-06-06,31.010659385029477
2019-06-07,30.1850215599643
2019-06-10,31.190148451435814
2019-06-11,30.1676409933285
2019-06-12,29.140911103375995
2019-06-13,27.892224077472797
2019-06-14,26.66400933120708
2019-06-17,25.898719462399832
2019-06-18,24.917537957655792
2019-06-19,26.17904820944024
2019-06-20,25.182032648413326
2019-06-21,24.375672871851688
2019-06-24,23.571119763767946
2019-06-25,22.747344692726728
2019-06-26,23.4782782603707
2019-06-27,24.61411099561763
2019-06-28,23.676430804158798
2019-07-01,23.412016567171044
2019-07-02,23.979675342630948
2019-07-03,23.17395732440703
2019-07-05,22.585327762041445
2019-07-08,21.851726245034087
2019-07-09,23.85303600238198
2019-07-10,23.068742743527853
2019-07-11,22.616668044999365
2019-07-12,22.280811788542007
2019-07-15,21.74274416983528
2019-07-16,21.393953129707427
2019-07-17,20.89068916934104
2019-07-18,20.59917437575054
2019-07-19,20.578135402331505
2019-07-22,21.612353815099894
2019-07-23,23.324845621051583
2019-07-24,22.6901993768441
2019-07-25,21.944691044094142
2019-07-26,21.751070097435157
2019-07-29,21.082204993442296
2019-07-30,20.802689080312753
2019-07-31,20.41636805034071
2019-08-01,21.849400333041803
2019-08-02,24.0883504458099
2019-08-05,25.78936331064353
2019-08-06,36.75484316024702
2019-08-07,35.79291693616976
2019-08-08,34.17824936002145
2019-08-09,33.90262394790333
2019-08-12,32.53240982851688
2019-08-13,30.975122099967294
2019-08-14,35.368229354854996
2019-08-15,36.97549535464376
2019-08-16,35.15502788704327
2019-08-19,34.98006521376562
2019-08-20,34.178078213291485
2019-08-21,32.43158431522263
2019-08-22,31.139433959176014
2019-08-23,29.65106497177862
2019-08-26,37.08934456783959
2019-08-27,36.101675339404395
2019-08-28,34.78286945503444
2019-08-29,33.07261352556624
2019-08-30,32.273495646828174
2019-09-03,30.70209863043913
2019-09-04,30.299822877103523
2019-09-05,29.800564030649078
2019-09-06,29.70192204690214
2019-09-09,28.319005823998058
2019-09-10,27.06993003897897
2019-09-11,26.36802580679712
2019-09-12,29.152980053017743
2019-09-13,27.867109751403913
2019-09-16,28.59992600634642
2019-09-17,27.353346138522916
2019-09-18,26.174298722072418
2019-09-19,25.36243840065247
2019-09-20,24.8077141807046
2019-09-23,25.150441117007166
2019-09-24,24.18744832084658
2019-09-25,23.480549107775452
2019-09-26,23.5963369683397
2019-09-27,22.976022450284077
2019-09-30,22.40016459179344
2019-10-01,24.109698147243236
2019-10-02,23.206202610711134
2019-10-03,26.010986101487788
2019-10-04,25.15244910661194
2019-10-07,27.315026453899826
2019-10-08,26.12967608147421
2019-10-09,25.889340464408804
2019-10-10,25.3002093178771
2019-10-11,24.959055366775974
2019-10-14,26.84556305586438
2019-10-15,25.735349738753666
2019-10-16,24.755479249348777
2019-10-17,23.949150812181564
2019-10-18,23.079620355173144
2019-10-21,22.318664446476312
2019-10-22,22.887645737090757
2019-10-23,22.173775610299064
2019-10-24,22.199179532199945
2019-10-25,21.467841528772894
2019-10-28,21.448732140010172
2019-10-29,21.18965304438076
2019-10-30,23.944214908201143
2019-10-31,23.065516737227814
2019-11-01,24.465178254230363
2019-11-04,26.846794514563243
2019-11-05,25.806964889740865
2019-11-06,24.789700094244303
2019-11-07,23.82488997888889
2019-11-08,23.44339812123068
2019-11-11,22.601053028316578
2019-11-12,22.0460950949555
2019-11-13,21.365915524850866
2019-11-14,21.07526615359944
2019-11-15,20.881201134477777
2019-11-18,20.883781227391204
2019-11-19,20.350020396307848
2019-11-20,19.933143633390987
2019-11-21,20.5009667053762
2019-11-22,20.163060458184322
2019-11-25,19.672114232396698
2019-11-26,20.689919439913254
2019-11-27,20.6351897810115
2019-11-29,20.863196784329283
2019-12-02,20.349486279619825
2019-12-03,20.84304287443255
2019-12-04,22.420009457979326
2019-12-05,21.948677058330123
2019-12-06,22.169946535715674
2019-12-09,23.09909938326833
2019-12-10,23.578604465997653
2019-12-11,22.809549307182497
2019-12-12,22.27621538620016
2019-12-13,21.542210974594205
2019-12-16,21.6718756952816
2019-12-17,22.30217380383306
2019-12-18,21.56162009105074
2019-12-19,20.98513971303043
2019-12-20,20.374879486952803
2019-12-23,19.906807580409403
2019-12-24,20.675369148161327
2019-12-26,20.096388659440006
2019-12-27,21.47647581957456
2019-12-30,20.838263234650537
2019-12-31,20.349107361625695
2020-01-02,19.993693648412847
2020-01-03,22.023128097364634
2020-01-06,22.02831762308421
2020-01-07,21.536004835781824
2020-01-08,21.099534411024226
2020-01-09,21.6475696933274
2020-01-10,23.028900093258315
2020-01-13,22.22098144976903
2020-01-14,23.523087331450068
2020-01-15,23.86348353791827
2020-01-16,23.159881151290204
2020-01-17,22.95868014169867
2020-01-21,22.628916416805854
2020-01-22,22.24381195931772
2020-01-23,21.528879156491488
2020-01-24,20.920604360372884
2020-01-27,20.434817961265196
2020-01-28,25.17383981805849
2020-01-29,27.38149313500154
2020-01-30,27.809854487135908
2020-01-31,26.615813159542064
2020-02-03,34.36313219866869
2020-02-04,32.665256511957075
2020-02-05,34.523193344543806
2020-02-06,32.896376631715874
2020-02-07,31.62523696228524
2020-02-10,30.99654362475063
2020-02-11,29.53399109711641
2020-02-12,28.40365816867939
2020-02-13,29.155729524163814
2020-02-14,28.135834196647096
2020-02-18,26.880314040974614
2020-02-19,27.551687079887877
2020-02-20,27.06751773993042
2020-02-21,26.548166798447365
2020-02-24,28.127247176785733
2020-02-25,36.48633185286787
2020-02-26,38.83554548536792
2020-02-27,37.36518236693983
2020-02-28,49.03122070949812
2020-03-02,46.18279514000919
2020-03-03,61.0968169325808
2020-03-04,59.737379099464746
2020-03-05,60.07332611185299
2020-03-06,58.92672537876495
2020-03-09,55.855692182091026
2020-03-10,66.76557917036975
2020-03-11,70.95437331372591
2020-03-12,68.9861853730242
2020-03-13,82.92814955151262
2020-03-16,95.0297256896944
2020-03-17,112.2108565806066
2020-03-18,106.98948174272596
2020-03-19,101.01374043761322
2020-03-20,94.71414210551579
2020-03-23,94.65750307741396
2020-03-24,89.3965340613509
2020-03-25,95.60907645737163
2020-03-26,89.6259464901627
2020-03-27,87.4377000815256
2020-03-30,84.71468145327283
2020-03-31,80.44945317766687
2020-04-01,75.43804828764267
2020-04-02,75.83758583872628
2020-04-03,71.48999912819414
2020-04-06,67.52826331770214
2020-04-07,75.0648198742549
2020-04-08,70.69415332272811
2020-04-09,67.32904999098658
2020-04-13,63.24781933159288
2020-04-14,60.02756174308956
2020-04-15,61.04606639784239
2020-04-16,57.580959832636154
2020-04-17,54.202044721723844
2020-04-20,51.5216371853133
2020-04-21,49.736264841341786
2020-04-22,49.552463394185075
2020-04-23,48.46202155940074
2020-04-24,45.72025533102701
2020-04-27,45.06190082732473
2020-04-28,42.48892155713091
2020-04-29,41.0607092379002
2020-04-30,41.597150857070744
2020-05-01,40.39896755914576
2020-05-04,39.15891936303376
2020-05-05,37.517321494126854
2020-05-06,36.09618729050747
2020-05-07,34.453398948690946
2020-05-08,32.95182305010468
2020-05-11,33.0863628972527
2020-05-12,32.159277559768014
2020-05-13,31.23361663408367
2020-05-14,30.473654815320184
2020-05-15,29.097918889013634
2020-05-18,27.999367253247364
2020-05-19,28.778687926220304
2020-05-20,27.69968928445828
2020-05-21,27.848848099199035
2020-05-22,26.980855319839005
2020-05-26,25.921614432868388
2020-05-27,25.18998426160237
2020-05-28,24.21834195399486
2020-05-29,23.305322549802096
2020-06-01,22.505657369145858
2020-06-02,22.357054011842337
2020-06-03,21.660543107573698
2020-06-04,21.066702658303058
2020-06-05,21.058662094460605
2020-06-08,24.20855367083547
2020-06-09,23.383968904549878
2020-06-10,26.777632817266458
2020-06-11,28.164342766777192
2020-06-12,36.67429324161377
2020-06-15,34.89035868452576
2020-06-16,33.49041892542413
2020-06-17,33.99206491521312
2020-06-18,32.28466116520358
2020-06-19,30.68515654328649
2020-06-22,29.43163017809667
2020-06-23,30.46543281082387
2020-06-24,30.546204256508528
2020-06-25,30.603109884833174
2020-06-26,29.67858697635254
2020-06-29,32.54998675610942
2020-06-30,32.613768069691126
2020-07-01,31.155910671923397
2020-07-02,29.69166104521384
2020-07-06,28.30855323271327
2020-07-07,29.6354226907683
2020-07-08,28.34022703121761
2020-07-09,29.02217972182606
2020-07-10,27.71457731521781
2020-07-13,26.486229809479013
2020-07-14,25.548740509401604
2020-07-15,25.558351758029392
2020-07-16,24.651664878280798
2020-07-17,24.668796186666572
2020-07-20,23.7757228444742
2020-07-21,24.76194317903537
2020-07-22,24.97988962192488
2020-07-23,23.997344180178406
2020-07-24,33.062613533973675
2020-07-27,31.461265307727473
2020-07-28,31.774339089538174
2020-07-29,31.498555957455835
2020-07-30,31.14076259121713
2020-07-31,30.064748419244637
2020-08-03,55.94221608401183
2020-08-04,53.82356800638075
2020-08-05,50.68145804950498
2020-08-06,47.71155169381108
2020-08-07,47.71644435099888
2020-08-10,46.54113604548401
2020-08-11,44.304073928155006
2020-08-12,44.60405212987805
2020-08-13,44.733167932276935
2020-08-14,42.90081815549529
2020-08-17,40.502549244424465
2020-08-18,38.320183010281035
2020-08-19,36.392382138972515
2020-08-20,34.46516369721316
2020-08-21,34.1730031223431
2020-08-24,40.25382492126479
2020-08-25,38.36781394409087
2020-08-26,36.61031155030156
2020-08-27,35.151382969051376
2020-08-28,33.98584429727724
2020-08-31,32.28511593898681
2020-09-01,34.400283830454136
2020-09-02,37.447576651449516
2020-09-03,37.12349148892857
2020-09-04,54.573539740995145
2020-09-08,51.3206540280217
2020-09-09,59.63418324386197
2020-09-10,58.95535085001032
2020-09-11,57.96319874726558
2020-09-14,54.957286218428095
2020-09-15,53.45891380078394
2020-09-16,50.28203093179037
2020-09-17,49.80385648784532
2020-09-18,47.688919398930544
2020-09-21,47.90076022154682
2020-09-22,47.195402634458674
2020-09-23,44.99200466788502
2020-09-24,47.70416400010113
2020-09-25,45.13255170958647
2020-09-28,45.92456587229319
2020-09-29,44.61096812264342
2020-09-30,42.31046912900332
2020-10-01,40.46849978707875
2020-10-02,38.377551372559346
2020-10-05,40.03844843533886
2020-10-06,40.36318361634398
2020-10-07,41.00043067691986
2020-10-08,39.432483789565076
2020-10-09,37.294966263667895
2020-10-12,36.11965742260555
2020-10-13,45.12496026153565
2020-10-14,44.77823191549122
2020-10-15,42.226031309008455
2020-10-16,39.95348972719564
2020-10-19,38.536867407930615
2020-10-20,38.866546669036694
2020-10-21,37.177061131814014
2020-10-22,35.360314316199954
2020-10-23,33.96538678554885
2020-10-26,32.452647844975814
2020-10-27,30.84310776059416
2020-10-28,29.914783230674352
2020-10-29,37.30025142618423
2020-10-30,39.19454747799358
2020-11-02,47.09584982149748
2020-11-03,44.39021054422882
2020-11-04,42.39264418388889
2020-11-05,44.22836499012219
2020-11-06,44.79653099264528
2020-11-09,42.2619487731341
2020-11-10,41.30179697440976
2020-11-11,39.070255698662216
2020-11-12,39.45619379099378
2020-11-13,37.34585997386168
2020-11-16,35.35010619843959
2020-11-17,33.68105920946299
2020-11-18,32.28297043296764
2020-11-19,31.34344535537142
2020-11-20,29.863474001456606
2020-11-23,29.12348019776102
2020-11-24,31.86761119875312
2020-11-25,30.679883587750645
2020-11-27,29.343286783567052
2020-11-30,28.021425616804308
2020-12-01,28.384620825272556
2020-12-02,30.55055172447747
2020-12-03,29.092660269054104
2020-12-04,27.78120942464486
2020-12-07,26.78521641648861
2020-12-08,26.154727523133392
2020-12-09,25.118507434631983
2020-12-10,26.575544931606125
2020-12-11,25.938845651509236
2020-12-14,25.201919725855028
2020-12-15,24.421711122240335
2020-12-16,32.9944708172481
2020-12-17,31.349836755006564
2020-12-18,29.933033699978417
2020-12-21,29.798011855450056
2020-12-22,28.873377961825867
2020-12-23,30.449990484680686
2020-12-24,29.299027369807643
2020-12-28,28.094022747533476
2020-12-29,31.471214563851323
2020-12-30,30.823294346242786
2020-12-31,29.76046109656
2021-01-04,28.730802866600158
2021-01-05,30.379319468069294
2021-01-06,29.394685215301532
2021-01-07,33.090998301743554
2021-01-08,35.10114843534629
2021-01-11,33.44978888852461
2021-01-12,34.06493714165404
2021-01-13,32.35287459160521
2021-01-14,31.550177723510537
2021-01-15,31.123402908724515
2021-01-19,30.569296621714074
2021-01-20,29.161209111246112
2021-01-21,31.62804608164045
2021-01-22,34.487710509241424
2021-01-25,33.45668669970256
2021-01-26,34.16779417966335
2021-01-27,32.4129945636344
2021-01-28,31.136686684769238
2021-01-29,34.80883158304172
2021-02-01,38.349685764646644
2021-02-02,36.98419536978679
2021-02-03,35.08688627341557
2021-02-04,33.580911325840795
2021-02-05,33.942628034011044
2021-02-08,32.28838479500991
2021-02-09,30.683727872891403
2021-02-10,29.485340150463134
2021-02-11,28.272547055113897
2021-02-12,27.05320349107019
2021-02-16,25.88161810619255
2021-02-17,26.315155843697394
2021-02-18,26.95364067490923
2021-02-19,26.283291924768744
2021-02-22,25.179302773200767
2021-02-23,28.79282950236293
2021-02-24,27.50691262863532
2021-02-25,26.44428300402928
2021-02-26,31.171261264740025
2021-03-01,29.656811634246544
2021-03-02,37.6918098194042
2021-03-03,37.363117371628576
2021-03-04,37.661193982386145
2021-03-05,36.66711754547125
2021-03-08,35.00002976546826
2021-03-09,39.63615309731798
2021-03-10,41.882825693149165
2021-03-11,39.894845262524186
2021-03-12,38.38734265531671
2021-03-15,36.59128009699505
2021-03-16,36.367790917169536
2021-03-17,34.86622999251384
2021-03-18,33.29437726626088
2021-03-19,36.240809235519286
2021-03-22,34.45742550197327
2021-03-23,35.13608837794382
2021-03-24,33.566897750144314
2021-03-25,33.612593732096876
2021-03-26,31.92511283565757
2021-03-29,30.396981679954916
2021-03-30,28.944492346697512
2021-03-31,28.451709951445736
2021-04-01,28.40507816097768
2021-04-05,27.24336978159122
2021-04-06,28.142455340386693
2021-04-07,26.880890774383023
2021-04-08,26.353723606089915
2021-04-09,26.652171177792667
2021-04-12,27.070885280055688
2021-04-13,26.91455655793839
2021-04-14,27.996127578174274
2021-04-15,28.4244396388062
2021-04-16,28.37224418366365
2021-04-19,27.164343049576985
2021-04-20,26.03721718247864
2021-04-21,25.953925321596284
2021-04-22,24.885968902911753
2021-04-23,24.79085368479716
2021-04-26,25.115043665424153
2021-04-27,24.122831733700707
2021-04-28,23.297517085065834
2021-04-29,22.77617756203882
2021-04-30,22.021029223460282
2021-05-03,22.86050541561897
2021-05-04,22.297886496725575
2021-05-05,28.390237573685848
2021-05-06,27.104868386582304
2021-05-07,26.493497682122424
2021-05-10,25.434948750642967
2021-05-11,27.951373881582274
2021-05-12,27.07318644025853
2021-05-13,29.06781686767203
2021-05-14,28.82911661497972
2021-05-17,28.894614226152708
2021-05-18,28.082001680925917
2021-05-19,27.56484413491746
2021-05-20,26.38831346055629
2021-05-21,26.966032991274265
2021-05-24,27.04083279740685
2021-05-25,26.48670914101051
2021-05-26,25.412576635495302
2021-05-27,24.404921501740937
2021-05-28,24.464402505086728
2021-06-01,23.771637314459525
2021-06-02,22.988885136169714
2021-06-03,22.29803587045816
2021-06-04,22.603820503085476
2021-06-07,23.40779724851546
2021-06-08,22.574779941152414
2021-06-09,21.946005070854536
2021-06-10,21.250910353587297
2021-06-11,21.15272797925809
2021-06-14,20.908799650407023
2021-06-15,23.14776870426341
2021-06-16,22.674738652059485
2021-06-17,21.926733096340797
2021-06-18,21.884239841786222
2021-06-21,21.955640434156784
2021-06-22,22.09661015981064
2021-06-23,22.045809828196017
2021-06-24,21.40692326578466
2021-06-25,20.836435117824795
2021-06-28,20.32826351796505
2021-06-29,20.48327418236473
2021-06-30,20.494566269370296
2021-07-01,19.984996092678713
2021-07-02,19.47602160589565
2021-07-06,20.921999263485258
2021-07-07,21.29284494738569
2021-07-08,22.12260073577097
2021-07-09,22.05195695617895
2021-07-12,22.04698048463008
2021-07-13,21.52148722492779
2021-07-14,21.078042635689137
2021-07-15,23.172810581005372
2021-07-16,22.54949820329804
2021-07-19,23.125214755786907
2021-07-20,26.439324141647983
2021-07-21,27.921652205972304
2021-07-22,26.88065503055269
2021-07-23,26.017537556809792
2021-07-26,25.442360143349504
2021-07-27,24.419678926391185
2021-07-28,24.86045165827495
2021-07-29,24.839130014322368
2021-07-30,23.904808293359363
2021-08-02,23.013291166093794
2021-08-03,22.289679776791573
2021-08-04,22.206848672202533
2021-08-05,21.583391729271668
2021-08-06,20.916260254898997
2021-08-09,20.55265167123809
2021-08-10,20.00695549144931
2021-08-11,19.64662529092086
2021-08-12,19.170341318268072
2021-08-13,20.918689817754125
2021-08-16,20.31291368179842
2021-08-17,20.601747240830647
2021-08-18,20.389314602884223
2021-08-19,23.982587643128074
2021-08-20,23.08613556992685
2021-08-23,22.655425515510558
2021-08-24,22.281930210727037
2021-08-25,21.570286024515188
2021-08-26,21.478390780303318
2021-08-27,21.113275387699918
2021-08-30,20.66614765319975
2021-08-31,24.42823725300293
2021-09-01,24.002353201821403
2021-09-02,23.14341089412873
2021-09-03,22.504270162995283
2021-09-07,21.780997852647857
2021-09-08,22.141500685816638
2021-09-09,22.178611496362738
2021-09-10,21.838859541529107
2021-09-13,27.331540816629694
2021-09-14,26.158608927421316
2021-09-15,25.66403193721615
2021-09-16,24.711819026911208
2021-09-17,23.799808728408326
2021-09-20,24.960155240338437
2021-09-21,26.546994179589195
2021-09-22,25.433985708610017
2021-09-23,25.504215218375
2021-09-24,24.594677024579532
2021-09-27,23.645365061224034
2021-09-28,23.555960128337517
2021-09-29,25.97196054117878
2021-09-30,25.005905574033193
2021-10-01,24.611462228436555
2021-10-04,23.86629749726593
2021-10-05,26.41135075837541
2021-10-06,26.017042002008463
2021-10-07,25.04052622993974
2021-10-08,24.319562375077535
2021-10-11,23.487194885656972
2021-10-12,22.66149581078018
2021-10-13,22.51591458884664
2021-10-14,21.945448986733307
2021-10-15,23.07508816099463
2021-10-18,22.446138318676777
2021-10-19,22.251185785933853
2021-10-20,22.48925443278752
2021-10-21,21.74684542236808
2021-10-22,21.059377878090555
2021-10-25,20.72033521769395
2021-10-26,20.15746967608046
2021-10-27,19.68095048122725
2021-10-28,19.3437747632487
2021-10-29,22.02406728527054
2021-11-01,23.44663299428209
2021-11-02,22.877510532610557
2021-11-03,22.243046176996856
2021-11-04,21.873797749973853
2021-11-05,21.322882486959994
2021-11-08,20.69866946337735
2021-11-09,20.42238416315557
2021-11-10,19.8703225017856
2021-11-11,21.93602522500725
2021-11-12,21.252495300685574
2021-11-15,21.52066395562378
2021-11-16,20.869058900095418
2021-11-17,20.416600211840727
2021-11-18,21.13495967385658
2021-11-19,24.286841823330693
2021-11-22,24.525917266324655
2021-11-23,23.586300670428106
2021-11-24,22.727409206173437
2021-11-26,21.960561816161004
2021-11-29,26.96361916847008
2021-11-30,27.5983956920363
2021-12-01,30.08434825067152
2021-12-02,28.754684054926926
2021-12-03,27.70290087161007
2021-12-06,27.28352892679645
2021-12-07,27.813008135219626
2021-12-08,31.17618521146786
2021-12-09,31.387080684481482
2021-12-10,29.938554796241245
2021-12-13,31.244838224586385
2021-12-14,31.706777775851705
2021-12-15,30.521749717799302
2021-12-16,31.82914350636404
2021-12-17,36.51772477150447
2021-12-20,34.813321282179274
2021-12-21,33.35597838667462
2021-12-22,32.77881023570845
2021-12-23,31.83956756099089
2021-12-27,30.28600338120576
2021-12-28,30.641740325558768
2021-12-29,29.393977211946158
2021-12-30,28.02973933122476
2021-12-31,27.07754461464205
2022-01-03,26.0281938660357
2022-01-04,27.39170487900765
2022-01-05,27.124961923874668
2022-01-06,29.499841025483416
2022-01-07,29.548905784462566
2022-01-10,28.1681253946042
2022-01-11,26.911448969827667
2022-01-12,26.784589916920705
2022-01-13,25.640374814279493
2022-01-14,26.633684654908983
2022-01-18,25.554338131264256
2022-01-19,26.53516014406484
2022-01-20,27.781917251123705
2022-01-21,27.198608140128215
2022-01-24,26.968474107942946
2022-01-25,26.00175356544651
2022-01-26,25.735686961132735
2022-01-27,24.702826741837168
2022-01-28,23.84468542609925
2022-01-31,39.62171802291286
2022-02-01,39.28898800925663
2022-02-02,37.16248755089407
2022-02-03,35.27481720871382
2022-02-04,34.64224482811652
2022-02-07,32.8908642768891
2022-02-08,31.36984879818857
2022-02-09,30.937575579537707
2022-02-10,29.620743487825393
2022-02-11,30.881798366677202
2022-02-14,31.323078494823918
2022-02-15,29.79524733853535
2022-02-16,30.247167981775316
2022-02-17,28.844511251766104
2022-02-18,29.769293512881124
2022-02-22,28.882182275192875
2022-02-23,29.18747609949039
2022-02-24,31.00912111251804
2022-02-25,30.396928613724075
2022-02-28,29.467293540481826
2022-03-01,28.091416292882663
2022-03-02,27.61635951868364
2022-03-03,27.951099342148197
2022-03-04,26.760815832482113
2022-03-07,27.46771316482436
2022-03-08,29.1213016118247
2022-03-09,28.541885300944596
2022-03-10,31.630352270390304
2022-03-11,33.30777843045697
2022-03-14,34.07117507012442
2022-03-15,35.234174785255185
2022-03-16,36.03478880425005
2022-03-17,36.61463141641356
2022-03-18,34.75064069052283
2022-03-21,34.253728930172294
2022-03-22,32.667437161304974
2022-03-23,32.39599053416563
2022-03-24,30.950739842926037
2022-03-25,31.170782408961983
2022-03-28,29.673239317422183
2022-03-29,28.329277024403122
2022-03-30,28.35297481252889
2022-03-31,27.374066350396692
2022-04-01,27.881357559954694
2022-04-04,26.68999716114977
2022-04-05,27.69499744654259
2022-04-06,28.356158889392134
2022-04-07,28.843072430763208
2022-04-08,27.519361904231403
2022-04-11,27.142134022567358
2022-04-12,29.25780143479024
2022-04-13,28.310641859929454
2022-04-14,27.963197489964568
2022-04-18,31.00226417259809
2022-04-19,29.53680997152977
2022-04-20,28.803136246049515
2022-04-21,27.513094087293652
2022-04-22,26.493939772136304
2022-04-25,29.29557226753711
2022-04-26,28.04384674536454
2022-04-27,33.11208956643953
2022-04-28,31.478270503581154
2022-04-29,36.492948050650504
2022-05-02,39.47397043205174
2022-05-03,37.31222686062156
2022-05-04,35.52852209840258
2022-05-05,38.62062073225818
2022-05-06,46.5809232114989
2022-05-09,43.92049691354594
2022-05-10,44.918800338474966
2022-05-11,42.932654671002005
2022-05-12,48.637851649629546
2022-05-13,47.9554064012178
2022-05-16,47.471874764828506
2022-05-17,45.129488299981176
2022-05-18,44.07892184475279
2022-05-19,50.85310280522279
2022-05-20,49.613530911513784
2022-05-23,46.70986376456596
2022-05-24,47.744607955628226
2022-05-25,46.14014026242591
2022-05-26,43.48722428481506
2022-05-27,42.337544952658284
2022-05-31,44.16769493694773
2022-06-01,41.79729815314546
2022-06-02,39.48110728446387
2022-06-03,38.040916862491095
2022-06-06,41.21288741978033
2022-06-07,38.95964622581507
2022-06-08,37.64374087497299
2022-06-09,35.770386753845536
2022-06-10,38.741503956186385
2022-06-13,41.80928869356845
2022-06-14,44.238586825031334
2022-06-15,41.79492353838553
2022-06-16,40.46667560875725
2022-06-17,43.44769176811182
2022-06-21,41.271295337420405
2022-06-22,41.76909114807396
2022-06-23,39.5258897622922
2022-06-24,38.590984236999574
2022-06-27,38.14413497226271
2022-06-28,36.09122127947397
2022-06-29,37.59437465107845
2022-06-30,36.002397938209754
2022-07-01,35.46315695189145
2022-07-05,34.34032937463136
2022-07-06,33.63953845642516
2022-07-07,32.16347097052644
2022-07-08,32.4325752802043
2022-07-11,30.85257602500485
2022-07-12,30.457957956697246
2022-07-13,29.110819844348065
2022-07-14,27.839792746792547
2022-07-15,28.129041554253185
2022-07-18,27.289778210928574
2022-07-19,28.333163295767857
2022-07-20,29.64641092869298
2022-07-21,28.843858987849735
2022-07-22,28.28995737512754
2022-07-25,27.434140654123187
2022-07-26,26.6042817461332
2022-07-27,25.98784653914572
2022-07-28,29.449677243800192
2022-07-29,28.09179548986927
2022-08-01,30.755101468472425
2022-08-02,29.520769332050605
2022-08-03,28.650580531934253
2022-08-04,32.52337153676276
2022-08-05,30.947166557642106
2022-08-08,29.487031864051644
2022-08-09,28.19771509573344
2022-08-10,26.93619073744867
2022-08-11,28.38312282054709
2022-08-12,27.260102639211333
2022-08-15,27.781215823015998
2022-08-16,26.647107499661004
2022-08-17,25.54129366508565
2022-08-18,24.749118583493143
2022-08-19,23.85823969571269
2022-08-22,24.41384910035553
2022-08-23,26.475035963928484
2022-08-24,25.41793358887054
2022-08-25,24.38961467334942
2022-08-26,24.328995023323237
2022-08-29,30.55475093380012
2022-08-30,30.061293065039308
2022-08-31,29.83607056091828
2022-09-01,29.067227192622823
2022-09-02,27.76509309852164
2022-09-06,27.578410462530073
2022-09-07,26.80501580994546
2022-09-08,25.92229023308598
2022-09-09,25.459021326129868
2022-09-12,25.815291353176708
2022-09-13,30.456190880541648
2022-09-14,42.05233180083655
2022-09-15,39.882977417392716
2022-09-16,39.03926518108925
2022-09-19,37.43000524048436
2022-09-20,37.19635911265424
2022-09-21,35.86465252151454
2022-09-22,35.66513592951401
2022-09-23,34.02351851320214
2022-09-26,33.32545080792981
2022-09-27,31.638471517673413
2022-09-28,30.18136226745718
2022-09-29,29.597266323108077
2022-09-30,38.040694827196084
2022-10-03,39.29844941580139
2022-10-04,39.71624535931959
2022-10-05,39.29533187040965
2022-10-06,37.147379114901696
2022-10-07,35.395623570671134
2022-10-10,38.631077565551905
2022-10-11,36.534160487015924
2022-10-12,35.08802116162573
2022-10-13,33.40271388072915
2022-10-14,35.25781695678043
2022-10-17,37.432497360822616
2022-10-18,37.82838741849797
2022-10-19,35.99272581172215
2022-10-20,34.09844141450463
2022-10-21,32.43846127210632
2022-10-24,33.18334335017831
2022-10-25,32.15375799603234
2022-10-26,31.74664167780081
2022-10-27,31.96459646016209
2022-10-28,34.33569326888053
2022-10-31,47.75042042869668
2022-11-01,45.75577030608774
2022-11-02,44.16223705930149
2022-11-03,45.97578389695454
2022-11-04,48.63469417169522
2022-11-07,45.835617118798325
2022-11-08,43.21829223292925
2022-11-09,40.79694203006203
2022-11-10,42.26586492434055
2022-11-11,57.210407050035336
2022-11-14,54.45375090777876
2022-11-15,51.497923975525566
2022-11-16,48.71552456469048
2022-11-17,46.13719547136123
2022-11-18,43.83252046788616
2022-11-21,41.36058851032073
2022-11-22,40.730710015634145
2022-11-23,38.99177887402055
2022-11-25,36.926085057928404
2022-11-28,36.50248688260707
2022-11-29,37.24503422619916
2022-11-30,37.01922930242347
2022-12-01,41.62872464432876
2022-12-02,39.30606318488601
2022-12-05,37.23784972355755
2022-12-06,35.56204246900391
2022-12-07,36.26991872782624
2022-12-08,35.18749185203738
2022-12-09,33.742063958374786
2022-12-12,32.116950922757404
2022-12-13,31.356466824006887
2022-12-14,29.932216718795363
2022-12-15,29.752182989608226
2022-12-16,37.37624790998566
2022-12-19,36.27298427256643
2022-12-20,35.43331256430259
2022-12-21,33.59671129762681
2022-12-22,33.648090617481735
2022-12-23,34.32840122122299
2022-12-27,32.63436807094151
2022-12-28,31.933157866108022
2022-12-29,34.36096243691631
2022-12-30,35.04688682085173
2023-01-03,33.226003203530524
2023-01-04,37.08859939691758
2023-01-05,35.35968438983491
2023-01-06,34.04958057525131
2023-01-09,36.46812675748275
2023-01-10,34.55605545762377
2023-01-11,32.79993714372898
2023-01-12,32.5555375413567
2023-01-13,30.94742951387938
2023-01-17,29.739241622942536
2023-01-18,28.553778929658087
2023-01-19,27.470394669895985
2023-01-20,26.269401920214627
2023-01-23,26.575399215604172
2023-01-24,27.56649544578167
2023-01-25,26.67119569997476
2023-01-26,25.721122024976037
2023-01-27,25.484182409971606
2023-01-30,25.14556723524838
2023-01-31,26.42533598799278
2023-02-01,25.56225234996021
2023-02-02,24.71169597702334
2023-02-03,29.238376112007195
2023-02-06,29.988967295357643
2023-02-07,30.16104813920951
2023-02-08,29.971170318382775
2023-02-09,30.102377105638848
2023-02-10,28.98179712021904
2023-02-13,27.649252758294736
2023-02-14,27.71172378691466
2023-02-15,26.638633500172066
2023-02-16,26.192602444982185
2023-02-17,25.788913829503247
2023-02-21,25.137850331567872
2023-02-22,27.937916152914312
2023-02-23,26.697343143981705
2023-02-24,25.569356271028894
2023-02-27,26.381261741872883
2023-02-28,25.472273032555137
2023-03-01,24.56573099108319
2023-03-02,24.882247512432357
2023-03-03,23.932538528845846
2023-03-06,28.119258914580016
2023-03-07,28.08856758008292
2023-03-08,27.98372476166052
2023-03-09,26.93349877661732
2023-03-10,27.036301159067797
2023-03-13,26.97809188100542
2023-03-14,26.425805559377928
2023-03-15,26.026121165147025
2023-03-16,24.948690579553702
2023-03-17,25.354895607936182
2023-03-20,24.579131669749568
2023-03-21,24.56723180176382
2023-03-22,24.145220650175286
2023-03-23,23.824715024468595
2023-03-24,23.087594149610354
2023-03-27,22.509267417237837
2023-03-28,22.806561501639433
2023-03-29,22.190143250139577
2023-03-30,23.19851761407349
2023-03-31,22.73366230008894
2023-04-03,22.98623154804636
2023-04-04,22.37807044109415
2023-04-05,21.761769112985682
2023-04-06,22.01561785567668
2023-04-10,21.384977142657675
2023-04-11,22.483773295833736
2023-04-12,22.196062047178398
2023-04-13,21.666185890602073
2023-04-14,26.17963518039217
2023-04-17,25.15016682965808
2023-04-18,24.157050963348897
2023-04-19,23.41849310925853
2023-04-20,22.722207935017302
2023-04-21,22.246656208726666
2023-04-24,22.2344947722299
2023-04-25,21.500069675262296
2023-04-26,21.53803231503992
2023-04-27,20.887535433228457
2023-04-28,24.058750025500437
2023-05-01,23.333650176907742
2023-05-02,22.519830805062732
2023-05-03,22.095628575269533
2023-05-04,21.74307017904985
2023-05-05,21.81182913639238
2023-05-08,30.276024770087528
2023-05-09,28.849959784197747
2023-05-10,28.113317002744225
2023-05-11,27.190078258371774
2023-05-12,26.007905884810572
2023-05-15,25.167127258102347
2023-05-16,24.263542197852075
2023-05-17,23.35289161628781
2023-05-18,22.53300517006772
2023-05-19,22.544688786216135
2023-05-22,21.785753120970913
2023-05-23,21.38236842722485
2023-05-24,22.32901007572943
2023-05-25,21.58522028973195
2023-05-26,21.05895838735652
2023-05-30,21.322356405210492
2023-05-31,21.140883702450303
2023-06-01,20.534062958563123
2023-06-02,21.157344377728553
2023-06-05,20.58554618588151
2023-06-06,20.518814820148318
2023-06-07,20.03549151548943
2023-06-08,20.058818794001418
2023-06-09,20.664640985010116
2023-06-12,20.085805996826778
2023-06-13,20.7164695811884
2023-06-14,20.237593552852758
2023-06-15,19.721167974401624
2023-06-16,19.794385122181605
2023-06-20,19.65025724564935
2023-06-21,19.18179190786449
2023-06-22,19.095386875941568
2023-06-23,20.03034727918822
2023-06-26,19.58254235229505
2023-06-27,19.640512779963768
2023-06-28,20.246264534935463
2023-06-29,19.84187727418391
2023-06-30,19.345370870588635
2023-07-03,21.575638617188446
2023-07-05,21.410315772691053
2023-07-06,21.081821724480676
2023-07-07,20.46398259552164
2023-07-10,20.244501189182365
2023-07-11,20.64674536618864
2023-07-12,20.186799274753177
2023-07-13,19.979176861711704
2023-07-14,19.50464285094037
2023-07-17,19.04753239830478
2023-07-18,20.131031470776378
2023-07-19,19.658265896968064
2023-07-20,19.363586088764478
2023-07-21,19.779437802001496
2023-07-24,19.667479460813038
2023-07-25,19.230341905693702
2023-07-26,18.85041807207157
2023-07-27,18.513108623634245
2023-07-28,18.601055674124186
2023-07-31,19.129419237450097
2023-08-01,18.72262337611814
2023-08-02,18.572286307943028
2023-08-03,20.080513084192
2023-08-04,20.051195997595258
2023-08-07,31.686853573133536
2023-08-08,31.550878097956982
2023-08-09,30.057738687334467
2023-08-10,29.103579522307452
2023-08-11,27.793860504061303
2023-08-14,26.56631284332048
2023-08-15,25.71703088470333
2023-08-16,25.459851973106407
2023-08-17,24.642380570802327
2023-08-18,24.99745754892782
2023-08-21,24.013402521557296
2023-08-22,23.30332152971618
2023-08-23,22.675628653525678
2023-08-24,24.014134513102597
2023-08-25,26.920404299162676
2023-08-28,26.31004814529225
2023-08-29,25.4483365456881
2023-08-30,26.306309441070866
2023-08-31,26.60291897209884
2023-09-01,25.47117820643969
2023-09-05,24.664400840562035
2023-09-06,23.704200909001507
2023-09-07,29.502267504227444
2023-09-08,32.05597218992155
2023-09-11,30.481955358492613
2023-09-12,29.124714639759787
2023-09-13,29.27432361769887
2023-09-14,28.698146239252086
2023-09-15,27.60713428731993
2023-09-18,26.540257607030448
2023-09-19,26.475767309571857
2023-09-20,25.452027588852573
2023-09-21,26.664718356240318
2023-09-22,26.049329804639186
2023-09-25,25.017211015686694
2023-09-26,24.188205247870897
2023-09-27,26.375215352979207
2023-09-28,25.791533989797454
2023-09-29,24.730039054494103
2023-10-02,23.773320136907977
2023-10-03,23.778496838068705
2023-10-04,23.36030771642193
2023-10-05,22.688594463959014
2023-10-06,22.078861243729506
2023-10-09,22.293451639876448
2023-10-10,21.809482310210484
2023-10-11,21.256872409935855
2023-10-12,20.84312820573155
2023-10-13,20.314176342906098
2023-10-16,20.623640195562984
2023-10-17,20.080901607310675
2023-10-18,20.221429143380675
2023-10-19,20.181862249139623
2023-10-20,19.73865182886744
2023-10-23,20.875816713067476
2023-10-24,20.279471084379324
2023-10-25,19.742902729276125
2023-10-26,20.652791645844538
2023-10-27,23.932420537012412
2023-10-30,23.243472934255564
2023-10-31,23.009216170442343
2023-11-01,22.20861457675629
2023-11-02,23.027674398048166
2023-11-03,24.068859487139047
2023-11-06,23.401886016711302
2023-11-07,23.422900203882897
2023-11-08,23.42369227020989
2023-11-09,22.672608825164012
2023-11-10,21.99542052933849
2023-11-13,23.715215945238608
2023-11-14,23.386365382235372
2023-11-15,23.367756440372638
2023-11-16,22.536598509735125
2023-11-17,22.07130309537283
2023-11-20,21.369136475341772
2023-11-21,21.051556521996112
2023-11-22,20.63391482174153
2023-11-24,20.077429534658272
2023-11-27,20.012649651916696
2023-11-28,19.539671369099832
2023-11-29,19.090048939184467
2023-11-30,18.990294437747423
2023-12-01,18.59609371625762
2023-12-04,18.404690080654067
2023-12-05,18.869135800981642
2023-12-06,20.738464661518336
2023-12-07,20.46777445466131
2023-12-08,20.33417960321385
2023-12-11,19.98791510252106
2023-12-12,20.758251011679224
2023-12-13,20.399585072974336
2023-12-14,21.154226041248407
2023-12-15,20.529129274487843
2023-12-18,20.0766265836684
2023-12-19,20.183024779852776
2023-12-20,19.735152888428093
2023-12-21,20.188126330604916
2023-12-22,19.6915060218612
2023-12-26,19.532275750986916
2023-12-27,19.19425875910892
2023-12-28,18.77334902462189
2023-12-29,18.391625487017965
2024-01-02,18.379350600733247
2024-01-03,25.970808518403942
2024-01-04,25.297960295377337
2024-01-05,25.290343439514224
2024-01-08,24.431968826564916
2024-01-09,25.904885736548493
2024-01-10,24.906060989395478
2024-01-11,24.0045842508229
2024-01-12,23.22634963476158
2024-01-16,22.397779293868638
2024-01-17,22.71488571833924
2024-01-18,22.189007994096617
2024-01-19,26.13712257839428
2024-01-22,25.945624153506067
2024-01-23,25.395596778868722
2024-01-24,24.492779490008022
2024-01-25,23.680957404662525
2024-01-26,22.868614580438685
2024-01-29,22.68799257008077
2024-01-30,22.059995750451673
2024-01-31,23.714128771854654
2024-02-01,25.097025495875112
2024-02-02,24.760340262808178
2024-02-05,24.04029919265025
2024-02-06,23.48013707563874
2024-02-07,22.884801908623523
2024-02-08,22.094142726510402
2024-02-09,21.679442967846036
2024-02-12,21.03268560026731
2024-02-13,21.076161360753147
2024-02-14,21.423027295949385
2024-02-15,21.00796491837392
2024-02-16,20.453931008049928
2024-02-20,20.502635691343187
2024-02-21,20.13794756874939
2024-02-22,19.650366674062816
2024-02-23,19.738017199115728
2024-02-26,20.09081934929653
2024-02-27,20.073823466910778
2024-02-28,19.807016627098093
2024-02-29,19.73591788154047
2024-03-01,19.427662321774395
2024-03-04,19.34521938872382
2024-03-05,23.17919647617893
2024-03-06,26.904484131809856
2024-03-07,26.01121849010219
2024-03-08,24.95692297319375
2024-03-11,24.334100514452143
2024-03-12,23.926057768371436
2024-03-13,23.03945227767094
2024-03-14,23.24060154673765
2024-03-15,22.862923029971107
2024-03-18,22.14792021422908
2024-03-19,21.546160319483633
2024-03-20,21.674739077734095
2024-03-21,21.93910682969374
2024-03-22,30.048748563247898
2024-03-25,28.67994502477468
2024-03-26,27.802965606679365
2024-03-27,26.88002774423025
2024-03-28,27.419657341458002
2024-04-01,26.894337023467582
2024-04-02,26.212408524238942
2024-04-03,25.471122118678107
2024-04-04,24.48665269895779
2024-04-05,23.7591296346011
2024-04-08,22.92375996251455
2024-04-09,22.49650012608858
2024-04-10,21.90824640212746
2024-04-11,22.11938979335138
2024-04-12,29.272692690592972
2024-04-15,28.123291012395924
2024-04-16,29.275363298312303
2024-04-17,29.757559037170545
2024-04-18,28.765078961710316
2024-04-19,27.685089885341046
2024-04-22,27.327286584067153
2024-04-23,26.18625699911873
2024-04-24,25.19764265456807
2024-04-25,24.78313667384075
2024-04-26,23.873848104791808
2024-04-29,23.121305343095653
2024-04-30,24.96600195673604
2024-05-01,25.917594632023878
2024-05-02,25.131717218810103
2024-05-03,26.076475565923182
2024-05-06,37.31640260979878
2024-05-07,35.707858048937524
2024-05-08,33.84939781025213
2024-05-09,32.11982330298215
2024-05-10,30.800108045364574
2024-05-13,29.6123847386539
2024-05-14,29.276497951332985
2024-05-15,28.00512331620484
2024-05-16,27.245057690433555
2024-05-17,26.06138174920995
2024-05-20,24.986526195464528
2024-05-21,24.09845557317374
2024-05-22,23.329358219960287
2024-05-23,22.938953015857248
2024-05-24,24.830694797101668
2024-05-28,24.93540227080543
2024-05-29,23.962423930849106
2024-05-30,23.06555221486697
2024-05-31,22.322304580202385
2024-06-03,21.64269612156923
2024-06-04,21.293206577567126
2024-06-05,20.650038518141017
2024-06-06,20.297132091800787
2024-06-07,20.21467153641411
2024-06-10,20.3648661334161
2024-06-11,22.323319850348145
2024-06-12,39.93296491575137
2024-06-13,39.93138617290471
2024-06-14,37.78274400743338
2024-06-17,36.07255315586431
2024-06-18,35.27278934145178
2024-06-20,34.00385584567707
2024-06-21,34.24259541071928
2024-06-24,33.02470865000964
2024-06-25,31.36862845139062
2024-06-26,29.869135136067978
2024-06-27,29.823221575421233
2024-06-28,28.44151273330683
2024-07-01,28.554366169393784
2024-07-02,30.31249662406201
2024-07-03,29.73101316715936
2024-07-05,28.407274542526846
2024-07-08,28.801353956420442
2024-07-09,27.586195868523262
2024-07-10,26.389655953455183
2024-07-11,26.616199625226812
2024-07-12,28.304545297599702
2024-07-15,27.589973500501138
2024-07-16,27.377768496961675
2024-07-17,26.17830696952052
2024-07-18,28.42440605936546
2024-07-19,29.27816938148887
2024-07-22,27.92298119786919
2024-07-23,26.722822316352403
2024-07-24,25.62325443884897
2024-07-25,28.852247911151583
2024-07-26,27.71050243837794
2024-07-29,26.483671233769936
2024-07-30,25.361956417237526
2024-07-31,24.342783224215427
2024-08-01,24.2968285968062
2024-08-02,25.072375944942262
2024-08-05,24.209435076374966
2024-08-06,34.18189546002689
2024-08-07,32.91121313092117
2024-08-08,31.69991661476809
2024-08-09,31.0124272234455
2024-08-12,30.093614838676288
2024-08-13,28.791970611138364
2024-08-14,28.495257800321223
2024-08-15,27.20143003380482
2024-08-16,26.654304024751703
2024-08-19,25.6034449113616
2024-08-20,24.585255201998617
2024-08-21,23.637801456797884
2024-08-22,22.79451422988381
2024-08-23,22.539089120862368
2024-08-26,22.179786481775995
2024-08-27,21.450398024555412
2024-08-28,20.817337218464548
2024-08-29,20.63779183119592
2024-08-30,21.023772562744877
2024-09-03,20.55794557204643
2024-09-04,24.597858972020305
2024-09-05,24.17869893514161
2024-09-06,23.404850742074156
2024-09-09,22.956774177484107
2024-09-10,22.161643711119492
2024-09-11,21.58878318289606
2024-09-12,21.471188582045478
2024-09-13,20.81787803405989
2024-09-16,20.270069966944337
2024-09-17,24.55764139236052
2024-09-18,23.60777747794865
2024-09-19,24.09233315042951
2024-09-20,28.78647663098507
2024-09-23,27.55721438124635
2024-09-24,26.7300336821488
2024-09-25,25.611751332001063
2024-09-26,24.74405630334836
2024-09-27,23.83548976658861
2024-09-30,22.951306972257235
2024-10-01,24.424135401539722
2024-10-02,28.03019052026189
2024-10-03,26.778213894820993
2024-10-04,25.83026754795023
2024-10-07,24.819996265815572
2024-10-08,26.68554616508174
2024-10-09,26.810015194604976
2024-10-10,26.686479095161538
2024-10-11,25.61442981626552
2024-10-14,24.892792371209225
2024-10-15,24.976306373230088
2024-10-16,24.42176841422519
2024-10-17,24.042895263320034
2024-10-18,23.1386338139745
2024-10-21,22.912813886645424
2024-10-22,22.231275943373337
2024-10-23,21.597880090293454
2024-10-24,23.890374645815957
2024-10-25,23.032216974069463
2024-10-28,22.24344581020334
2024-10-29,21.775189488605427
2024-10-30,21.086080585247423
2024-10-31,22.1032827788902
2024-11-01,23.530681576268762
2024-11-04,23.84114031586898
2024-11-05,23.124651543782303
2024-11-06,22.43093374986
2024-11-07,21.810291099490573
2024-11-08,23.185084335196823
2024-11-11,22.402502366943544
2024-11-12,22.67636549475311
2024-11-13,21.914342902225272
2024-11-14,21.24120765098522
2024-11-15,21.43429246528306
2024-11-18,22.18156405723028
2024-11-19,22.2049954475331
2024-11-20,21.474394067284905
2024-11-21,20.826705909827677
2024-11-22,20.31242598944754
2024-11-25,19.877411921357137
2024-11-26,20.159865313809032
2024-11-27,19.994402410894892
2024-11-29,19.51127018468087
2024-12-02,19.503342888859937
2024-12-03,19.42787267164492
2024-12-04,19.73595019679469
2024-12-05,19.250363569131025
2024-12-06,18.830052135501976
2024-12-09,18.479299843713363
2024-12-10,19.444500734456735
2024-12-11,19.029001376112454
2024-12-12,18.91498770002268
2024-12-13,18.636029789494533
2024-12-16,18.272688680688223
2024-12-17,18.60530683414919
2024-12-18,18.662231843969717
2024-12-19,21.563577879358483
2024-12-20,21.057266416656002
2024-12-23,22.07668672186011
2024-12-24,21.368889000119317
2024-12-26,21.266963800495695
2024-12-27,20.64036497628433
2024-12-30,21.363028830747005
2024-12-31,21.98136748729843
2025-01-02,21.69789467873008
2025-01-03,25.168110342052383
2025-01-06,24.2289625645925
2025-01-07,23.44062233804765
2025-01-08,23.48583963448444
2025-01-10,22.633732611152038
2025-01-13,25.318367047321995
2025-01-14,25.008258253022618
2025-01-15,24.222940988947812
2025-01-16,24.893201859889967
2025-01-17,31.84146859773242
2025-01-21,30.406626800451825
2025-01-22,33.4306518856975
2025-01-23,31.784884008004287
2025-01-24,30.24223479711188
2025-01-27,28.932016884997214
2025-01-28,31.19967840935793
2025-01-29,34.11792486522994
2025-01-30,32.40062937968223
2025-01-31,31.104509264820145
2025-02-03,29.876773421587334
2025-02-04,33.52301261083745
2025-02-05,33.173732843045556
2025-02-06,31.532481493829536
2025-02-07,29.997592709817127
2025-02-10,31.274141569177406
2025-02-11,29.750954770638046
2025-02-12,29.99611102629516
2025-02-13,29.700111591679228
2025-02-14,29.63125436599306
2025-02-18,28.754308572988197
2025-02-19,27.45826751220693
2025-02-20,26.25176788099412
2025-02-21,25.17462823149898
2025-02-24,24.20605733796885
2025-02-25,23.39873823689534
2025-02-26,22.57263732388572
2025-02-27,26.04976652747918
2025-02-28,25.955598403760323
2025-03-03,26.28862915861725
2025-03-04,26.60615531435139
2025-03-05,25.98990746438065
2025-03-06,24.939783988163622
2025-03-07,24.011266655898147
2025-03-10,24.127791007853034
2025-03-11,34.24668951333952
2025-03-12,35.933703674029964
2025-03-13,35.333232695936786
2025-03-14,37.831233270183986
2025-03-17,36.680538632182575
2025-03-18,34.732742983528965
2025-03-19,33.15369047401793
2025-03-20,31.880354519254475
2025-03-21,30.497597576447195
2025-03-24,30.300839475661434
2025-03-25,29.237452132640634
2025-03-26,28.492191563629756
2025-03-27,27.786189135305786
2025-03-28,26.89852055249314
2025-03-31,29.308212046311688
2025-04-01,29.244710681635873
2025-04-02,27.93001299314657
2025-04-03,26.693440564116358
2025-04-04,54.73102891421084
2025-04-07,63.96096129100599
2025-04-08,63.046516892107846
2025-04-09,64.6151278274242
2025-04-10,91.98671752223798
2025-04-11,88.93994101574765
2025-04-14,85.4089167685428
2025-04-15,80.65454804138764
2025-04-16,75.6274414760911
2025-04-17,73.76557132828482
2025-04-21,69.44339084213922
2025-04-22,65.98341892594146
2025-04-23,63.87583752111216
2025-04-24,60.97490186199183
2025-04-25,57.85193917241484
2025-04-28,54.38330772965506
2025-04-29,51.15560507138729
2025-04-30,48.17168727077749
2025-05-01,45.424131513581706
2025-05-02,42.83638688761508
2025-05-05,44.87405068434453
2025-05-06,45.416616983334016
2025-05-07,42.851453123507675
2025-05-08,40.94462626725541
2025-05-09,38.73991436266131
2025-05-12,36.676374955525475
2025-05-13,45.4006510555914
2025-05-14,43.00464571727036
2025-05-15,40.63861024281658
2025-05-16,38.49428280525834
2025-05-19,36.427434604265834
2025-05-20,35.121911080403436
2025-05-21,33.71804969554232
2025-05-22,34.264068744965584
2025-05-23,32.604550899215376
2025-05-27,34.803204704701315
2025-05-28,34.92627434699037
2025-05-29,33.11326178384547
2025-05-30,31.502283582223086
2025-06-02,29.992479524588937
2025-06-03,28.60148660846502
2025-06-04,27.462841343357976
2025-06-05,26.323540476144405
2025-06-06,25.949478532292332
2025-06-09,25.887925454931352
2025-06-10,25.725532194317218
2025-06-11,24.763784544522228
2025-06-12,25.930650029551025
2025-06-13,24.857838195998045
2025-06-16,25.06619672708189
2025-06-17,24.413841343397795
2025-06-18,24.712404412307887
2025-06-20,23.79734205158814
2025-06-23,25.047029792714167
2025-06-24,24.055527545930794
2025-06-25,23.448822117973563
2025-06-26,22.71337976260423
2025-06-27,22.039433889600044
2025-06-30,21.332123762394357
2025-07-01,22.589690258885177
2025-07-02,22.504640416655157
2025-07-03,23.930286082312538
2025-07-07,23.103923867798503
2025-07-08,24.088441064702145
2025-07-09,23.189649200194175
2025-07-10,22.439290291503692
2025-07-11,21.790645616134714
2025-07-14,21.419815996630348
2025-07-15,21.831257165666198
2025-07-16,21.138245603832864
2025-07-17,20.57723266288276
2025-07-18,20.037126046944238
2025-07-21,19.612648163898207
2025-07-22,19.267197647802295
2025-07-23,19.174439026780185
2025-07-24,18.797576814233803
2025-07-25,18.48894311443995
2025-07-28,18.14336005833659
2025-07-29,17.83274409047902
2025-07-30,18.977043069197784
2025-07-31,19.51347210999419
2025-08-01,19.528489927344673
2025-08-04,23.204551937392164
2025-08-05,22.430356844714357
2025-08-06,21.754650968059185
2025-08-07,31.604902383233128
2025-08-08,33.403267128572146
2025-08-11,37.26052490671537
2025-08-12,35.60367895100682
2025-08-13,34.03574169030361
2025-08-14,33.04208810971826
2025-08-15,31.436826925440545
2025-08-18,30.083020778885015
2025-08-19,28.747518353079435
2025-08-20,27.47295023388383
2025-08-21,28.3166684940527
2025-08-22,27.22895728647084
2025-08-25,26.595403780059407
2025-08-26,25.548999072130396
2025-08-27,24.804720054230206
2025-08-28,23.893286163507796
2025-08-29,23.280864172497036
2025-09-02,22.510186580823365
2025-09-03,22.546712400899263
2025-09-04,27.963438680739067
2025-09-05,26.781598473671988
2025-09-08,25.65225528751324
2025-09-09,25.014901915054942
2025-09-10,25.364281987297986
2025-09-11,29.630900982979124
2025-09-12,28.901941016665305
2025-09-15,28.641011665025385
2025-09-16,27.73339722516449
2025-09-17,26.594558524266954
2025-09-18,25.47955689303803
2025-09-19,24.639394334221667
2025-09-22,27.854996666257563
2025-09-23,33.24086158165733
2025-09-24,31.805836889189308
2025-09-25,30.634795159289414
2025-09-26,30.23566616255621
2025-09-29,29.007495418959294
2025-09-30,27.809853921388935
2025-10-01,26.576603784947515
2025-10-02,25.45806530231934
2025-10-03,24.54527725841737
2025-10-06,23.612251263116345
2025-10-07,22.99089326689691
2025-10-08,22.217020309730792
2025-10-09,21.5974826356402
2025-10-10,22.585745392560288
2025-10-13,28.313792718068548
2025-10-14,27.320152970942548
2025-10-15,26.131916203563357
2025-10-16,25.1456170972256
2025-10-17,24.563143876776042
2025-10-20,25.163053872257795
2025-10-21,30.237774586206328
2025-10-22,28.799008941541615
2025-10-23,28.894689768512023
2025-10-24,27.59868750050631
2025-10-27,26.90473756954259
2025-10-28,27.71546758580156
2025-10-29,26.49070720166311
2025-10-30,25.37223571861884
2025-10-31,24.45464878243671
2025-11-03,23.663250855248197
2025-11-04,23.018095082569406
2025-11-05,22.231377374477994
2025-11-06,21.5058266691874
2025-11-07,20.89379746287211
2025-11-10,20.536732984408175
2025-11-11,20.01969409263225
2025-11-12,21.777559242426154
2025-11-13,21.45829886555543
2025-11-14,20.871397334546486
2025-11-17,20.347573594139952
2025-11-18,22.09169234426913
2025-11-19,21.387458228699415
2025-11-20,20.77259647337357
2025-11-21,20.800532418984112
2025-11-24,22.022325547995344
2025-11-25,22.47539666221118
2025-11-26,21.743948335250607
2025-11-28,21.05784202221825
2025-12-01,20.49237858144235
2025-12-02,21.000694578368257
2025-12-03,20.884163075473456
2025-12-04,20.733731068194942
2025-12-05,21.262361221762657
2025-12-08,21.040545142081555
2025-12-09,20.55984043733788
2025-12-10,20.09549755980346
2025-12-11,19.676820872222407
2025-12-12,19.31401590597351
2025-12-15,18.875901982448067
2025-12-16,20.22206865595095
2025-12-17,19.686519093279827
