"date","sigma_ann"
2019-01-03,31.1155226662812
2019-01-04,60.4524029844894
2019-01-07,60.1064813228382
2019-01-08,56.3951471690179
2019-01-09,53.6049177979319
2019-01-10,50.8897952023646
2019-01-11,47.8214597143614
2019-01-14,45.331838198747
2019-01-15,43.4680800529604
2019-01-16,41.9799572784254
2019-01-17,39.914042528862
2019-01-18,37.7281980858747
2019-01-22,35.7241338128353
2019-01-23,35.8880077915898
2019-01-24,33.9824419107876
2019-01-25,32.5556524522508
2019-01-28,34.5006369069127
2019-01-29,33.1328107479384
2019-01-30,31.9860550767653
2019-01-31,44.0696954409632
2019-02-01,41.5920115829285
2019-02-04,39.2206284652734
2019-02-05,39.2664994813704
2019-02-06,37.8369517875724
2019-02-07,35.7598884276033
2019-02-08,35.3630308903367
2019-02-11,33.4781982436695
2019-02-12,31.9554172228529
2019-02-13,30.5459371693094
2019-02-14,29.1999513784186
2019-02-15,27.8471629671317
2019-02-19,26.6626257219695
2019-02-20,25.5256208934681
2019-02-21,24.5986219353541
2019-02-22,23.9157587339458
2019-02-25,23.5013714742549
2019-02-26,22.821752004443
2019-02-27,22.0440563134548
2019-02-28,21.3505210271528
2019-03-01,21.4821995311967
2019-03-04,21.2905414215591
2019-03-05,20.7292004117004
2019-03-06,20.2299934437794
2019-03-07,20.04687921667
2019-03-08,20.6168860197749
2019-03-11,20.0616392940014
2019-03-12,25.3070787029573
2019-03-13,24.7359580143698
2019-03-14,23.8075228510473
2019-03-15,23.3987222703647
2019-03-18,23.2406689412843
2019-03-19,22.8092450708088
2019-03-20,22.5314465887517
2019-03-21,22.0588384233065
2019-03-22,27.3516800467293
2019-03-25,28.4361442079204
2019-03-26,27.9695724889499
2019-03-27,27.3551459254724
2019-03-28,26.3996109401307
2019-03-29,25.2777085289866
2019-04-01,24.378907455936
2019-04-02,23.582445329205
2019-04-03,23.5921764236048
2019-04-04,22.8780695920601
2019-04-05,22.0888019919858
2019-04-08,21.5243765012463
2019-04-09,21.9898861445806
2019-04-10,21.4126857058717
2019-04-11,20.8648049417993
2019-04-12,20.8720848424407
2019-04-15,20.3101628763082
2019-04-16,19.7838525892074
2019-04-17,19.328314212246
2019-04-18,20.8341302331791
2019-04-22,20.2750392296075
2019-04-23,19.7694406264385
2019-04-24,20.299614484263
2019-04-25,19.8366458572556
2019-04-26,20.0745876716364
2019-04-29,19.8257408438955
2019-04-30,19.3512533646088
2019-05-01,21.6065674057821
2019-05-02,31.0618684678651
2019-05-03,29.8109651586279
2019-05-06,28.8823249316024
2019-05-07,28.82357130902
2019-05-08,30.9841091508231
2019-05-09,29.4677633293211
2019-05-10,28.7373275571833
2019-05-13,28.4644447491048
2019-05-14,40.7733482636041
2019-05-15,39.0995118342171
2019-05-16,37.2656580348658
2019-05-17,35.3546499887485
2019-05-20,33.6640908167158
2019-05-21,35.9346873135639
2019-05-22,35.0822952178496
2019-05-23,35.0091454623635
2019-05-24,34.4306950303719
2019-05-28,32.7309309820612
2019-05-29,31.1903732567044
2019-05-30,29.8165439217944
2019-05-31,28.4473111126597
2019-06-03,28.8731054593399
2019-06-04,28.1360025500016
2019-06-05,31.784029037748
2019-06-06,31.0150127409963
2019-06-07,30.1753310726044
2019-06-10,31.2002281856475
2019-06-11,30.1569309417011
2019-06-12,29.1169397238446
2019-06-13,27.855289218012
2019-06-14,26.6172013412297
2019-06-17,25.8525897950162
2019-06-18,24.873931006626
2019-06-19,26.1804228806118
2019-06-20,25.1802900075554
2019-06-21,24.3771133282545
2019-06-24,23.5749484379685
2019-06-25,22.7541015599429
2019-06-26,23.5107534755214
2019-06-27,24.6918011953999
2019-06-28,23.7472658922989
2019-07-01,23.484771614016
2019-07-02,24.0783059995207
2019-07-03,23.2652285868757
2019-07-05,22.6768444878319
2019-07-08,21.9424149916353
2019-07-09,23.9722443127249
2019-07-10,23.1844917967723
2019-07-11,22.7320896697738
2019-07-12,22.3979600049633
2019-07-15,21.863018163393
2019-07-16,21.5178433974651
2019-07-17,21.0167146853942
2019-07-18,20.7276792405787
2019-07-19,20.7206716978727
2019-07-22,21.7738111687748
2019-07-23,23.5204090740574
2019-07-24,22.8707091639546
2019-07-25,22.1149847665526
2019-07-26,21.916566073442
2019-07-29,21.2436733235079
2019-07-30,20.9666941696502
2019-07-31,20.5810220354271
2019-08-01,22.0400711164351
2019-08-02,24.3036932800477
2019-08-05,25.9887964246112
2019-08-06,37.013379696705
2019-08-07,36.0224914311601
2019-08-08,34.3522911373714
2019-08-09,34.0476984730134
2019-08-12,32.6407190385857
2019-08-13,31.0452998218909
2019-08-14,35.5048279414481
2019-08-15,37.132358297654
2019-08-16,35.2542244703197
2019-08-19,35.0662140862334
2019-08-20,34.2321195743751
2019-08-21,32.4480599171943
2019-08-22,31.1340286992865
2019-08-23,29.6227048112302
2019-08-26,37.1801024852461
2019-08-27,36.1779842529235
2019-08-28,34.8257336376995
2019-08-29,33.0803582273539
2019-08-30,32.2666739158964
2019-09-03,30.6693455808694
2019-09-04,30.2634091322587
2019-09-05,29.7726832482264
2019-09-06,29.6776992850398
2019-09-09,28.2784137001902
2019-09-10,27.0197984482795
2019-09-11,26.322976947383
2019-09-12,29.1721089110235
2019-09-13,27.8706412498056
2019-09-16,28.6178983611842
2019-09-17,27.3581403040418
2019-09-18,26.1683027928361
2019-09-19,25.3566760521746
2019-09-20,24.8073100735965
2019-09-23,25.1629793814928
2019-09-24,24.1989867376895
2019-09-25,23.4948239787505
2019-09-26,23.6348002546803
2019-09-27,23.0194742630068
2019-09-30,22.4460451558113
2019-10-01,24.2038097286158
2019-10-02,23.2924445559611
2019-10-03,26.1359306868054
2019-10-04,25.2696314029222
2019-10-07,27.4584880192866
2019-10-08,26.2503918360966
2019-10-09,26.0003504229582
2019-10-10,25.4078986677771
2019-10-11,25.0616175768873
2019-10-14,26.9709083139851
2019-10-15,25.8424061193763
2019-10-16,24.8476188855366
2019-10-17,24.0318466811165
2019-10-18,23.1578458298647
2019-10-21,22.3962696442609
2019-10-22,22.9860232383213
2019-10-23,22.2711395266945
2019-10-24,22.3101988463213
2019-10-25,21.5772678590043
2019-10-28,21.569991046982
2019-10-29,21.3149778928604
2019-10-30,24.1075865882087
2019-10-31,23.2138588661647
2019-11-01,24.6341016830634
2019-11-04,27.0251678725663
2019-11-05,25.9589466799059
2019-11-06,24.9228769317554
2019-11-07,23.9440698084506
2019-11-08,23.5626369823428
2019-11-11,22.7129688071021
2019-11-12,22.1586380766753
2019-11-13,21.4776689182089
2019-11-14,21.19567007532
2019-11-15,21.0086066682463
2019-11-18,21.0254796220692
2019-11-19,20.4927879480077
2019-11-20,20.0793455911993
2019-11-21,20.655860130126
2019-11-22,20.3164683987047
2019-11-25,19.8271227550694
2019-11-26,20.8680694019654
2019-11-27,20.8182078979921
2019-11-29,21.0570173571682
2019-12-02,20.5399007420247
2019-12-03,21.0341062361071
2019-12-04,22.6113816838126
2019-12-05,22.1383943814941
2019-12-06,22.3593695251362
2019-12-09,23.2907755211348
2019-12-10,23.7739474339159
2019-12-11,22.9936410919323
2019-12-12,22.4522229317522
2019-12-13,21.7098910062693
2019-12-16,21.8448896942352
2019-12-17,22.4794393075569
2019-12-18,21.7301892859901
2019-12-19,21.1487851578703
2019-12-20,20.5362791781212
2019-12-23,20.0686123192345
2019-12-24,20.8564761569917
2019-12-26,20.2751125109366
2019-12-27,21.6756543648807
2019-12-30,21.0307392533451
2019-12-31,20.5394692881965
2020-01-02,20.1839809998078
2020-01-03,22.2331748855106
2020-01-06,22.2381786101245
2020-01-07,21.7407264985687
2020-01-08,21.2973960285953
2020-01-09,21.8551552964614
2020-01-10,23.2393158282802
2020-01-13,22.4165562421403
2020-01-14,23.7300067165416
2020-01-15,24.0703280623975
2020-01-16,23.3469010984406
2020-01-17,23.1432015514745
2020-01-21,22.8050831757907
2020-01-22,22.4144391132016
2020-01-23,21.6930075331215
2020-01-24,21.0816272403857
2020-01-27,20.594808967884
2020-01-28,25.3715283203877
2020-01-29,27.6162268472171
2020-01-30,28.0186661390264
2020-01-31,26.7949920921711
2020-02-03,34.6006359310058
2020-02-04,32.8448752658597
2020-02-05,34.7100885118613
2020-02-06,33.0320859613753
2020-02-07,31.7257401866321
2020-02-10,31.0777101871474
2020-02-11,29.5871580968648
2020-02-12,28.4369010123449
2020-02-13,29.2124612180143
2020-02-14,28.1788698249087
2020-02-18,26.9053882618196
2020-02-19,27.5902568882998
2020-02-20,27.1121640536509
2020-02-21,26.5910225893008
2020-02-24,28.1876591320179
2020-02-25,36.6290520284729
2020-02-26,38.9474756323897
2020-02-27,37.4428093590258
2020-02-28,49.2611013481127
2020-03-02,46.3182146588437
2020-03-03,61.4069561110435
2020-03-04,59.9855819375636
2020-03-05,60.2811128604901
2020-03-06,59.070729947622
2020-03-09,55.8897407985853
2020-03-10,66.9174279351169
2020-03-11,71.1724816327803
2020-03-12,69.1228204026799
2020-03-13,83.1697947098576
2020-03-16,95.4534751133084
2020-03-17,112.83077092234
2020-03-18,107.415284676284
2020-03-19,101.221612288573
2020-03-20,94.7123645183617
2020-03-23,94.5769740576287
2020-03-24,89.1412580230078
2020-03-25,95.46694184418
2020-03-26,89.3169639828595
2020-03-27,87.0633049552082
2020-03-30,84.2814988963246
2020-03-31,79.9253253197256
2020-04-01,74.8022531935054
2020-04-02,75.2375191006885
2020-04-03,70.8127393433159
2020-04-06,66.7842677564024
2020-04-07,74.5877149012037
2020-04-08,70.1310798767598
2020-04-09,66.7109591384031
2020-04-13,62.5547397166552
2020-04-14,59.2937799060379
2020-04-15,60.3956017598286
2020-04-16,56.8852561172139
2020-04-17,53.464642684444
2020-04-20,50.7677308212909
2020-04-21,48.9906663102655
2020-04-22,48.8600944169432
2020-04-23,47.8193302581235
2020-04-24,45.0561800842789
2020-04-27,44.4509689828762
2020-04-28,41.859948935462
2020-04-29,40.4512991784336
2020-04-30,41.0847535445621
2020-05-01,39.8969914336976
2020-05-04,38.6782396562568
2020-05-05,37.0472175831124
2020-05-06,35.6365919113379
2020-05-07,33.9983330181237
2020-05-08,32.5077842335097
2020-05-11,32.7033191168638
2020-05-12,31.7948625487721
2020-05-13,30.8938598218539
2020-05-14,30.1531708101553
2020-05-15,28.7878363417549
2020-05-18,27.705634914686
2020-05-19,28.560215135497
2020-05-20,27.4931706936423
2020-05-21,27.6887987553427
2020-05-22,26.833505855907
2020-05-26,25.7827018217594
2020-05-27,25.0653201710207
2020-05-28,24.1046753574889
2020-05-29,23.2035713946288
2020-06-01,22.4187197895363
2020-06-02,22.3028339615148
2020-06-03,21.6212573012241
2020-06-04,21.0454835036157
2020-06-05,21.0635073080972
2020-06-08,24.2984362701156
2020-06-09,23.4652216967191
2020-06-10,26.9128697716353
2020-06-11,28.2966229503763
2020-06-12,36.9147636701513
2020-06-15,35.0808807876227
2020-06-16,33.6351345784622
2020-06-17,34.1218823590743
2020-06-18,32.3724469163314
2020-06-19,30.7377427104606
2020-06-22,29.4593502397379
2020-06-23,30.5203622868203
2020-06-24,30.591410611209
2020-06-25,30.6525082243468
2020-06-26,29.7180259462605
2020-06-29,32.6364703906446
2020-06-30,32.7090765652186
2020-07-01,31.2151491703404
2020-07-02,29.7226322014603
2020-07-06,28.317482424647
2020-07-07,29.6782581035876
2020-07-08,28.3640916728553
2020-07-09,29.0682714289955
2020-07-10,27.7393983183037
2020-07-13,26.4966633547144
2020-07-14,25.5524199733634
2020-07-15,25.5810993145961
2020-07-16,24.6692192042189
2020-07-17,24.6990184692714
2020-07-20,23.8011252615619
2020-07-21,24.8230850055998
2020-07-22,25.0569057446932
2020-07-23,24.0661203536188
2020-07-24,33.2465941542513
2020-07-27,31.5955814492838
2020-07-28,31.9033542209262
2020-07-29,31.6146781750757
2020-07-30,31.2492542854118
2020-07-31,30.1440063969389
2020-08-03,56.3206439859052
2020-08-04,54.0692680147618
2020-08-05,50.8218676128076
2020-08-06,47.7626214194943
2020-08-07,47.7427067487565
2020-08-10,46.5321635481559
2020-08-11,44.2424093688366
2020-08-12,44.5420785727369
2020-08-13,44.6843348054952
2020-08-14,42.7997407933189
2020-08-17,40.3511497870574
2020-08-18,38.1287934255022
2020-08-19,36.1750859471103
2020-08-20,34.2249075524683
2020-08-21,33.9575981269159
2020-08-24,40.1790656807254
2020-08-25,38.2462472311266
2020-08-26,36.4596651772662
2020-08-27,34.986861397996
2020-08-28,33.8144247408838
2020-08-31,32.0940739806502
2020-09-01,34.2877979744341
2020-09-02,37.388310959229
2020-09-03,37.0715975158494
2020-09-04,54.7575220754482
2020-09-08,51.4011253556759
2020-09-09,59.7989158301449
2020-09-10,59.0897751818622
2020-09-11,58.0434786025844
2020-09-14,54.9349071846976
2020-09-15,53.3907290679751
2020-09-16,50.132657418732
2020-09-17,49.636512077343
2020-09-18,47.4642096538539
2020-09-21,47.6759741457557
2020-09-22,46.9809340633042
2020-09-23,44.7309119639066
2020-09-24,47.5234901494391
2020-09-25,44.9053943227172
2020-09-28,45.7258986129067
2020-09-29,44.3805465601902
2020-09-30,42.0421412684281
2020-10-01,40.1807596983262
2020-10-02,38.0630214844185
2020-10-05,39.7958092674243
2020-10-06,40.1701277238041
2020-10-07,40.8462710812322
2020-10-08,39.2630574773739
2020-10-09,37.0904693108222
2020-10-12,35.9109299324057
2020-10-13,45.1079089300473
2020-10-14,44.7634631773268
2020-10-15,42.1480165681182
2020-10-16,39.8255837703967
2020-10-19,38.3812828630904
2020-10-20,38.7172381047884
2020-10-21,37.0092327797653
2020-10-22,35.1676699504982
2020-10-23,33.7582227320242
2020-10-26,32.2316985321611
2020-10-27,30.6120181037352
2020-10-28,29.6970087227785
2020-10-29,37.2718234951729
2020-10-30,39.2322871922943
2020-11-02,47.2644607825886
2020-11-03,44.4738628608023
2020-11-04,42.4183150218278
2020-11-05,44.2633530496635
2020-11-06,44.8033896220274
2020-11-09,42.2059811464812
2020-11-10,41.2168389821487
2020-11-11,38.9363222891316
2020-11-12,39.3441718208168
2020-11-13,37.1960246506723
2020-11-16,35.1688287082475
2020-11-17,33.4826800858941
2020-11-18,32.0763259251929
2020-11-19,31.1374255250155
2020-11-20,29.6532056008679
2020-11-23,28.9267919544791
2020-11-24,31.7481655724651
2020-11-25,30.5616374729939
2020-11-27,29.2153582408367
2020-11-30,27.8877660573188
2020-12-01,28.2865910834608
2020-12-02,30.5067698031418
2020-12-03,29.0300537221505
2020-12-04,27.7072123678503
2020-12-07,26.7081695005907
2020-12-08,26.0905900370527
2020-12-09,25.0546071169536
2020-12-10,26.5588138474545
2020-12-11,25.9331729936911
2020-12-14,25.1977596108232
2020-12-15,24.4159491173047
2020-12-16,33.1460355885972
2020-12-17,31.461185734211
2020-12-18,30.0132443112824
2020-12-21,29.86977150901
2020-12-22,28.9336148717206
2020-12-23,30.5306434487103
2020-12-24,29.3598756369844
2020-12-28,28.1368159274517
2020-12-29,31.5681616008679
2020-12-30,30.9094916068897
2020-12-31,29.81734908355
2021-01-04,28.7652793664588
2021-01-05,30.43144480176
2021-01-06,29.4374162188948
2021-01-07,33.1919209806056
2021-01-08,35.2454303922226
2021-01-11,33.5448051974501
2021-01-12,34.1552232974747
2021-01-13,32.4008589682085
2021-01-14,31.5831097322269
2021-01-15,31.1497981604879
2021-01-19,30.5770081508139
2021-01-20,29.149394304646
2021-01-21,31.6678392644963
2021-01-22,34.551844407227
2021-01-25,33.4849560325283
2021-01-26,34.1991905830495
2021-01-27,32.4082025578126
2021-01-28,31.1088308029587
2021-01-29,34.8366069801357
2021-02-01,38.3936431584346
2021-02-02,37.0045525490313
2021-02-03,35.064173253505
2021-02-04,33.5291183903091
2021-02-05,33.9114577587802
2021-02-08,32.2301719159437
2021-02-09,30.6025466989132
2021-02-10,29.3927183947716
2021-02-11,28.1704852357192
2021-02-12,26.9458551128333
2021-02-16,25.7741857732989
2021-02-17,26.2399477093491
2021-02-18,26.899118654718
2021-02-19,26.2262173337636
2021-02-22,25.1203150754695
2021-02-23,28.8128693603634
2021-02-24,27.5069700121351
2021-02-25,26.4339061599638
2021-02-26,31.2376732040964
2021-03-01,29.6942506926805
2021-03-02,37.8521416140676
2021-03-03,37.5095058785079
2021-03-04,37.7703506031612
2021-03-05,36.7278805503959
2021-03-08,35.0242003513188
2021-03-09,39.7281951617661
2021-03-10,42.0204853125063
2021-03-11,39.977377946721
2021-03-12,38.429318143174
2021-03-15,36.5900690374366
2021-03-16,36.3642882530218
2021-03-17,34.8271317264434
2021-03-18,33.2279460662388
2021-03-19,36.2245437035587
2021-03-22,34.3994984581572
2021-03-23,35.1028984370285
2021-03-24,33.5083063476228
2021-03-25,33.5536655080053
2021-03-26,31.841307512964
2021-03-29,30.2950871704246
2021-03-30,28.8297913316288
2021-03-31,28.3456903627047
2021-04-01,28.3288154616511
2021-04-05,27.1603802380157
2021-04-06,28.0988326770481
2021-04-07,26.8271390324179
2021-04-08,26.3099362973089
2021-04-09,26.6294090362658
2021-04-12,27.0647879799598
2021-04-13,26.921384540716
2021-04-14,28.0433847922769
2021-04-15,28.4881538931714
2021-04-16,28.4463002779103
2021-04-19,27.2195491989199
2021-04-20,26.0792199012116
2021-04-21,26.0001811443129
2021-04-22,24.9232369165575
2021-04-23,24.8344159345522
2021-04-26,25.1827736229392
2021-04-27,24.1815478319257
2021-04-28,23.3526246816654
2021-04-29,22.8325895144491
2021-04-30,22.0782017915949
2021-05-03,22.9386413414647
2021-05-04,22.3833003967373
2021-05-05,28.5580553009121
2021-05-06,27.2437751622326
2021-05-07,26.6192874215825
2021-05-10,25.5420315458846
2021-05-11,28.0874386264649
2021-05-12,27.1805268817482
2021-05-13,29.1866689592349
2021-05-14,28.9496594192906
2021-05-17,29.0034481688871
2021-05-18,28.1752299515803
2021-05-19,27.6408065645712
2021-05-20,26.4448304995344
2021-05-21,27.0408850452085
2021-05-24,27.1227735195682
2021-05-25,26.5680466064164
2021-05-26,25.479901039983
2021-05-27,24.4620406990844
2021-05-28,24.527216627462
2021-06-01,23.8277100540589
2021-06-02,23.0419635964318
2021-06-03,22.3555198180963
2021-06-04,22.6782465321326
2021-06-07,23.5150649294353
2021-06-08,22.6766659844197
2021-06-09,22.0489285854753
2021-06-10,21.3543542236688
2021-06-11,21.2637711009236
2021-06-14,21.0318548670866
2021-06-15,23.3033773977304
2021-06-16,22.8282341489487
2021-06-17,22.0740120041781
2021-06-18,22.0361415223338
2021-06-21,22.1122937870892
2021-06-22,22.2642813092752
2021-06-23,22.2113269108531
2021-06-24,21.5671929596194
2021-06-25,20.9926664638785
2021-06-28,20.4831866811229
2021-06-29,20.6505982859409
2021-06-30,20.6655036325376
2021-07-01,20.1553812215391
2021-07-02,19.6479386190679
2021-07-06,21.1167619370281
2021-07-07,21.4858917546407
2021-07-08,22.3184705682841
2021-07-09,22.2466607345793
2021-07-12,22.2450972434655
2021-07-13,21.7122388145529
2021-07-14,21.2665577509386
2021-07-15,23.379714494347
2021-07-16,22.7461816698952
2021-07-19,23.3153951992563
2021-07-20,26.6363576601493
2021-07-21,28.1424420717373
2021-07-22,27.0740554264733
2021-07-23,26.1906367524932
2021-07-26,25.599161941911
2021-07-27,24.5581898477726
2021-07-28,24.9992322686751
2021-07-29,24.965088307213
2021-07-30,24.0199526789556
2021-08-02,23.1197263626404
2021-08-03,22.3918198602948
2021-08-04,22.3201196593092
2021-08-05,21.6966140211334
2021-08-06,21.0298922468119
2021-08-09,20.6706236495566
2021-08-10,20.1287890654985
2021-08-11,19.7748624603872
2021-08-12,19.3060666870002
2021-08-13,21.0884078254429
2021-08-16,20.4803498818335
2021-08-17,20.7800020705719
2021-08-18,20.569838534166
2021-08-19,24.1835228560619
2021-08-20,23.2706835537446
2021-08-23,22.8331179271789
2021-08-24,22.4531754030573
2021-08-25,21.7339615352044
2021-08-26,21.6399029242826
2021-08-27,21.2696136877496
2021-08-30,20.8252409204417
2021-08-31,24.6285106787698
2021-09-01,24.1950568164161
2021-09-02,23.3215936162051
2021-09-03,22.6731840991289
2021-09-07,21.9418580400467
2021-09-08,22.3098838412482
2021-09-09,22.3496272580566
2021-09-10,22.000869057211
2021-09-13,27.5325027749059
2021-09-14,26.3337144965444
2021-09-15,25.8216699718459
2021-09-16,24.8538910614741
2021-09-17,23.9279530996407
2021-09-20,25.096453159754
2021-09-21,26.6819504185981
2021-09-22,25.5505483939261
2021-09-23,25.6228086246993
2021-09-24,24.6988306198202
2021-09-27,23.7392607416661
2021-09-28,23.6513248031867
2021-09-29,26.0893966506752
2021-09-30,25.1129173260374
2021-10-01,24.7134294517356
2021-10-04,23.9645523577063
2021-10-05,26.545395056529
2021-10-06,26.1522032107169
2021-10-07,25.1580410094919
2021-10-08,24.4280204788939
2021-10-11,23.587267584342
2021-10-12,22.7554491097651
2021-10-13,22.6129125333346
2021-10-14,22.0399254257782
2021-10-15,23.2010911867299
2021-10-18,22.5657393454244
2021-10-19,22.3744669464038
2021-10-20,22.6195674549759
2021-10-21,21.8723407687182
2021-10-22,21.1836360141092
2021-10-25,20.8475865884617
2021-10-26,20.2868446886319
2021-10-27,19.8169446676772
2021-10-28,19.4867894380182
2021-10-29,22.2119863832283
2021-11-01,23.6542073419053
2021-11-02,23.0654322491881
2021-11-03,22.4231788937377
2021-11-04,22.0491683396687
2021-11-05,21.4929763196609
2021-11-08,20.8657655225521
2021-11-09,20.5896146930891
2021-11-10,20.0379528558253
2021-11-11,22.1229542250374
2021-11-12,21.4295978453129
2021-11-15,21.7053023480398
2021-11-16,21.0477815499209
2021-11-17,20.5950580510735
2021-11-18,21.3239898151119
2021-11-19,24.4962747399653
2021-11-22,24.7183233079298
2021-11-23,23.760159820195
2021-11-24,22.8883203935171
2021-11-26,22.1133570161471
2021-11-29,27.1628329366176
2021-11-30,27.8104167733513
2021-12-01,30.2943999368862
2021-12-02,28.9300623463204
2021-12-03,27.8477582199095
2021-12-06,27.4081809076114
2021-12-07,27.9488465425682
2021-12-08,31.335118153124
2021-12-09,31.5184349582568
2021-12-10,30.0367528469976
2021-12-13,31.3606231806384
2021-12-14,31.8259518550133
2021-12-15,30.6036547003874
2021-12-16,31.9334302174837
2021-12-17,36.6894011619694
2021-12-20,34.9255462572587
2021-12-21,33.4254954310494
2021-12-22,32.8358734109983
2021-12-23,31.8711878773863
2021-12-27,30.2887130581098
2021-12-28,30.6571210986961
2021-12-29,29.3921729525058
2021-12-30,28.0096696898198
2021-12-31,27.0495620988679
2022-01-03,25.9929359766636
2022-01-04,27.4052606630398
2022-01-05,27.1480923321258
2022-01-06,29.5519229004824
2022-01-07,29.58443210259
2022-01-10,28.1815758412709
2022-01-11,26.909751303414
2022-01-12,26.7953520743184
2022-01-13,25.6412274590472
2022-01-14,26.6605200131105
2022-01-18,25.5742146320339
2022-01-19,26.5792654419224
2022-01-20,27.8339317615712
2022-01-21,27.2341858406133
2022-01-24,26.9983843767402
2022-01-25,26.0187945441431
2022-01-26,25.7537378769413
2022-01-27,24.7134275394043
2022-01-28,23.8538988900958
2022-01-31,39.8691309405474
2022-02-01,39.4642252843292
2022-02-02,37.276408384005
2022-02-03,35.3397062114221
2022-02-04,34.6838395347692
2022-02-07,32.892837771685
2022-02-08,31.3429945138144
2022-02-09,30.9138756787677
2022-02-10,29.577646327391
2022-02-11,30.8719253362382
2022-02-14,31.308513287731
2022-02-15,29.7572181057329
2022-02-16,30.2312919644517
2022-02-17,28.8107385964591
2022-02-18,29.757412442554
2022-02-22,28.8528473232656
2022-02-23,29.1652575281586
2022-02-24,31.0098970465391
2022-02-25,30.4024332139303
2022-02-28,29.4580495133712
2022-03-01,28.0646240413846
2022-03-02,27.5902675425144
2022-03-03,27.9537063826983
2022-03-04,26.7522943396994
2022-03-07,27.4773892296588
2022-03-08,29.1485089441623
2022-03-09,28.5512836378876
2022-03-10,31.71072760219
2022-03-11,33.4200591784445
2022-03-14,34.1588915879409
2022-03-15,35.3062597258842
2022-03-16,36.1257987142576
2022-03-17,36.6867037981213
2022-03-18,34.7753456986456
2022-03-21,34.2646769888966
2022-03-22,32.6450054348505
2022-03-23,32.3720146770361
2022-03-24,30.9021376782126
2022-03-25,31.1360475664539
2022-03-28,29.6170437523463
2022-03-29,28.2603129138429
2022-03-30,28.3031494461326
2022-03-31,27.3222168868208
2022-04-01,27.8473597597134
2022-04-04,26.644759642786
2022-04-05,27.6910208895707
2022-04-06,28.3805514042729
2022-04-07,28.8656548644004
2022-04-08,27.5239246547385
2022-04-11,27.1466289387258
2022-04-12,29.2918496067939
2022-04-13,28.3397293219396
2022-04-14,27.9899248739676
2022-04-18,31.086136315991
2022-04-19,29.5878181207871
2022-04-20,28.8448457493482
2022-04-21,27.5359548670943
2022-04-22,26.5047451293202
2022-04-25,29.3504105305714
2022-04-26,28.0828486267972
2022-04-27,33.2266658285406
2022-04-28,31.550329959137
2022-04-29,36.638181422492
2022-05-02,39.6597464749155
2022-05-03,37.4345484898037
2022-05-04,35.6025007684978
2022-05-05,38.726638093045
2022-05-06,46.8037119929764
2022-05-09,44.0616959029126
2022-05-10,45.0377001119257
2022-05-11,42.9979622505047
2022-05-12,48.7731980551079
2022-05-13,48.0136616070903
2022-05-16,47.5096697569956
2022-05-17,45.1052486220939
2022-05-18,44.0284308854038
2022-05-19,50.9236454241109
2022-05-20,49.6035406284316
2022-05-23,46.6241874653807
2022-05-24,47.6741987830255
2022-05-25,46.0366477257812
2022-05-26,43.3238138646849
2022-05-27,42.1580695733574
2022-05-31,44.0268168735633
2022-06-01,41.6116867729693
2022-06-02,39.2537577144515
2022-06-03,37.802251942866
2022-06-06,41.0720681015475
2022-06-07,38.7796299705874
2022-06-08,37.4496686120652
2022-06-09,35.5523282916967
2022-06-10,38.6014327997597
2022-06-13,41.7066180600481
2022-06-14,44.1501044229129
2022-06-15,41.6564121915359
2022-06-16,40.3056996579894
2022-06-17,43.3639740993794
2022-06-21,41.1480270084409
2022-06-22,41.6578387275811
2022-06-23,39.3717176003171
2022-06-24,38.4313278025137
2022-06-27,37.9814599868628
2022-06-28,35.8965808150125
2022-06-29,37.446719546714
2022-06-30,35.8410697482686
2022-07-01,35.3075497765061
2022-07-05,34.1844830837556
2022-07-06,33.4835935023411
2022-07-07,31.9920337233563
2022-07-08,32.2901000728641
2022-07-11,30.6935780326708
2022-07-12,30.3124375060874
2022-07-13,28.9616264530275
2022-07-14,27.6879203069499
2022-07-15,28.0175543097705
2022-07-18,27.1806927218145
2022-07-19,28.2704097336214
2022-07-20,29.6420437123596
2022-07-21,28.8263270358751
2022-07-22,28.2703119687725
2022-07-25,27.4112190119263
2022-07-26,26.5748940951117
2022-07-27,25.9576784101034
2022-07-28,29.5079866299822
2022-07-29,28.1258262454732
2022-08-01,30.8377863342421
2022-08-02,29.5820002575689
2022-08-03,28.691842639014
2022-08-04,32.6388714158338
2022-08-05,31.0277043486595
2022-08-08,29.5371989460194
2022-08-09,28.2253478765169
2022-08-10,26.94717688699
2022-08-11,28.4320851077073
2022-08-12,27.2955117411076
2022-08-15,27.8371089198886
2022-08-16,26.6856431223236
2022-08-17,25.5683415738925
2022-08-18,24.775677363441
2022-08-19,23.8824747442071
2022-08-22,24.4553587145859
2022-08-23,26.5409699662608
2022-08-24,25.4678616882828
2022-08-25,24.4313188376019
2022-08-26,24.38340081651
2022-08-29,30.7071569774416
2022-08-30,30.1739399350918
2022-08-31,29.9262077440367
2022-09-01,29.1320110784282
2022-09-02,27.8094853429856
2022-09-06,27.6213940371005
2022-09-07,26.8335279117686
2022-09-08,25.94742216164
2022-09-09,25.4863016834211
2022-09-12,25.8673276619616
2022-09-13,30.5713641529724
2022-09-14,42.3303502025536
2022-09-15,40.0953467308994
2022-09-16,39.2026513690379
2022-09-19,37.5331569832003
2022-09-20,37.2842607411478
2022-09-21,35.9090470689192
2022-09-22,35.6984488715882
2022-09-23,34.0149755999585
2022-09-26,33.2978354559509
2022-09-27,31.5825307983181
2022-09-28,30.107247605824
2022-09-29,29.5249263009992
2022-09-30,38.1041880894677
2022-10-03,39.3304013071865
2022-10-04,39.7617160647909
2022-10-05,39.3081310039839
2022-10-06,37.1102692923815
2022-10-07,35.3222305560307
2022-10-10,38.6108389877653
2022-10-11,36.4693434890681
2022-10-12,34.9958104645848
2022-10-13,33.2818882913846
2022-10-14,35.1972697544576
2022-10-17,37.4315131291873
2022-10-18,37.8487684027565
2022-10-19,35.9675008709135
2022-10-20,34.0361346428676
2022-10-21,32.3487466972558
2022-10-24,33.1270328206649
2022-10-25,32.0791773906856
2022-10-26,31.6725171125234
2022-10-27,31.9108076908202
2022-10-28,34.313237771067
2022-10-31,47.9764854509319
2022-11-01,45.9214209010372
2022-11-02,44.2567562167912
2022-11-03,46.0530150351024
2022-11-04,48.6937547317751
2022-11-07,45.8139881641066
2022-11-08,43.1323018577838
2022-11-09,40.658459039997
2022-11-10,42.1599435862377
2022-11-11,57.4014631270937
2022-11-14,54.5286941838163
2022-11-15,51.4854313622457
2022-11-16,48.6303814244074
2022-11-17,45.9899806793555
2022-11-18,43.6397941875988
2022-11-21,41.1213418857942
2022-11-22,40.4929792387032
2022-11-23,38.7396815318253
2022-11-25,36.6468623527791
2022-11-28,36.2412908990174
2022-11-29,37.0134458202078
2022-11-30,36.7893508742551
2022-12-01,41.5447641240036
2022-12-02,39.1730682474561
2022-12-05,37.0675237353545
2022-12-06,35.3672001984639
2022-12-07,36.1022054429795
2022-12-08,35.001093750032
2022-12-09,33.5483165520464
2022-12-12,31.9094622185541
2022-12-13,31.1634868531821
2022-12-14,29.7325278669415
2022-12-15,29.5781791263325
2022-12-16,37.3548360927996
2022-12-19,36.2084901301639
2022-12-20,35.3468721868513
2022-12-21,33.4789614973749
2022-12-22,33.5498616895281
2022-12-23,34.2626389994597
2022-12-27,32.5381039355702
2022-12-28,31.8312759219525
2022-12-29,34.30447018661
2022-12-30,35.029648605271
2023-01-03,33.1735672687742
2023-01-04,37.1051558005892
2023-01-05,35.3454122400123
2023-01-06,34.0095505244635
2023-01-09,36.4874847565334
2023-01-10,34.5323026392976
2023-01-11,32.7441729607779
2023-01-12,32.5042512263812
2023-01-13,30.8728376697717
2023-01-17,29.6554880042252
2023-01-18,28.4622145274715
2023-01-19,27.3761720565836
2023-01-20,26.1719431644152
2023-01-23,26.5128752583115
2023-01-24,27.5363527924839
2023-01-25,26.6348315120009
2023-01-26,25.6833874736515
2023-01-27,25.4654314950323
2023-01-30,25.135154460861
2023-01-31,26.4547791586133
2023-02-01,25.591819202524
2023-02-02,24.7374524644541
2023-02-03,29.343301224155
2023-02-06,30.082150268488
2023-02-07,30.2564074660345
2023-02-08,30.0672281370775
2023-02-09,30.1972925898873
2023-02-10,29.046939585334
2023-02-13,27.6924466197456
2023-02-14,27.7624421226617
2023-02-15,26.6766398146995
2023-02-16,26.2344409615393
2023-02-17,25.8329126279641
2023-02-21,25.1740210425472
2023-02-22,28.0127581943007
2023-02-23,26.7539170613013
2023-02-24,25.6128164014313
2023-02-27,26.4417704693108
2023-02-28,25.5281924736263
2023-03-01,24.614431413603
2023-03-02,24.9393269033286
2023-03-03,23.9849351429439
2023-03-06,28.2438727279797
2023-03-07,28.1939165457054
2023-03-08,28.0861156016967
2023-03-09,27.0207676808379
2023-03-10,27.124040107782
2023-03-13,27.0540671009044
2023-03-14,26.5017691464681
2023-03-15,26.0968182311931
2023-03-16,25.0068676395212
2023-03-17,25.4294094685413
2023-03-20,24.6488548023061
2023-03-21,24.6493582336038
2023-03-22,24.2247648777217
2023-03-23,23.907217441667
2023-03-24,23.1699140409677
2023-03-27,22.5929189636444
2023-03-28,22.9036019314253
2023-03-29,22.2829036146079
2023-03-30,23.3206965893054
2023-03-31,22.8507872584096
2023-04-03,23.1110591804912
2023-04-04,22.4979122028768
2023-04-05,21.8797609907278
2023-04-06,22.1387189950048
2023-04-10,21.5096223103211
2023-04-11,22.6259500363234
2023-04-12,22.3300303776435
2023-04-13,21.7951978286607
2023-04-14,26.3742903111751
2023-04-17,25.3238045558692
2023-04-18,24.3115200718688
2023-04-19,23.563140660413
2023-04-20,22.8591169878175
2023-04-21,22.3802171175696
2023-04-24,22.3665372767564
2023-04-25,21.6284458296085
2023-04-26,21.6710075008349
2023-04-27,21.0185040771336
2023-04-28,24.2377148380178
2023-05-01,23.4956713587041
2023-05-02,22.6709589916366
2023-05-03,22.2410316700437
2023-05-04,21.8836527219669
2023-05-05,21.9517661580851
2023-05-08,30.525206585435
2023-05-09,29.0588247904013
2023-05-10,28.2912952862551
2023-05-11,27.347064331875
2023-05-12,26.1405613450597
2023-05-15,25.2831264922222
2023-05-16,24.365426788764
2023-05-17,23.445567210755
2023-05-18,22.6221345510833
2023-05-19,22.6452517230954
2023-05-22,21.8845879128149
2023-05-23,21.4841043691381
2023-05-24,22.4446098499289
2023-05-25,21.6982630596267
2023-05-26,21.1757256536361
2023-05-30,21.4526515451775
2023-05-31,21.2747497297385
2023-06-01,20.6686770004616
2023-06-02,21.31156604859
2023-06-05,20.7378455791338
2023-06-06,20.6753668932419
2023-06-07,20.1912608260268
2023-06-08,20.2185130103404
2023-06-09,20.8446107182932
2023-06-12,20.2632590152336
2023-06-13,20.9068866165024
2023-06-14,20.4261037924087
2023-06-15,19.9090611265489
2023-06-16,19.9889709337795
2023-06-20,19.8474829007409
2023-06-21,19.3783638238022
2023-06-22,19.2938491634624
2023-06-23,20.247663719475
2023-06-26,19.7973844295884
2023-06-27,19.8532351354099
2023-06-28,20.471957706127
2023-06-29,20.0618391886955
2023-06-30,19.5620318924185
2023-07-03,21.8129417709286
2023-07-05,21.643322414267
2023-07-06,21.3018711827995
2023-07-07,20.6762971589845
2023-07-10,20.4524223281005
2023-07-11,20.8509685001064
2023-07-12,20.3838877419728
2023-07-13,20.1794991517256
2023-07-14,19.7034586976095
2023-07-17,19.246567344154
2023-07-18,20.3466904566906
2023-07-19,19.8711164922362
2023-07-20,19.577866292395
2023-07-21,19.9973185705171
2023-07-24,19.8793713471782
2023-07-25,19.4422167142745
2023-07-26,19.0631995966867
2023-07-27,18.7282568526604
2023-07-28,18.8198152469119
2023-07-31,19.3617119707358
2023-08-01,18.9529657652759
2023-08-02,18.8024522995252
2023-08-03,20.3124546299653
2023-08-04,20.2725438950577
2023-08-07,31.9707961056677
2023-08-08,31.773518756351
2023-08-09,30.2393146409902
2023-08-10,29.2539185167058
2023-08-11,27.9131827446796
2023-08-14,26.6623157724952
2023-08-15,25.8021776431525
2023-08-16,25.5437275944601
2023-08-17,24.7138067643268
2023-08-18,25.0736285023841
2023-08-21,24.0813807143218
2023-08-22,23.3706584228463
2023-08-23,22.7444630299789
2023-08-24,24.1130691393645
2023-08-25,27.0692837970354
2023-08-28,26.4536318663156
2023-08-29,25.5741049001547
2023-08-30,26.4402164980815
2023-08-31,26.7292429843319
2023-09-01,25.5780621328426
2023-09-05,24.7621364454357
2023-09-06,23.7920224419742
2023-09-07,29.6607763894831
2023-09-08,32.1985236201022
2023-09-11,30.5875643801856
2023-09-12,29.201740533078
2023-09-13,29.3487629513608
2023-09-14,28.7514893649422
2023-09-15,27.6475793839694
2023-09-18,26.567709536776
2023-09-19,26.5155567260847
2023-09-20,25.4811164760777
2023-09-21,26.7207050100571
2023-09-22,26.0914298517577
2023-09-25,25.0519445960425
2023-09-26,24.2209207837444
2023-09-27,26.4515794015146
2023-09-28,25.8517828870131
2023-09-29,24.7796100607297
2023-10-02,23.8177419958365
2023-10-03,23.8372768287215
2023-10-04,23.4246986645652
2023-10-05,22.7567967349007
2023-10-06,22.1504202169447
2023-10-09,22.3813351443379
2023-10-10,21.8998173618958
2023-10-11,21.3509868089253
2023-10-12,20.9467458794508
2023-10-13,20.4235942080348
2023-10-16,20.7475113832616
2023-10-17,20.2071513601086
2023-10-18,20.3566175097412
2023-10-19,20.3204522848838
2023-10-20,19.8798340380044
2023-10-23,21.0317239113705
2023-10-24,20.4338887496779
2023-10-25,19.8995185721851
2023-10-26,20.8222490962942
2023-10-27,24.1165280381424
2023-10-30,23.4208538439034
2023-10-31,23.1806006210487
2023-11-01,22.3692211040136
2023-11-02,23.2004502285165
2023-11-03,24.243562225532
2023-11-06,23.5664388489161
2023-11-07,23.5905021940232
2023-11-08,23.5859452090852
2023-11-09,22.8237693996422
2023-11-10,22.1397374674175
2023-11-13,23.888239728089
2023-11-14,23.5557619328019
2023-11-15,23.5404139249685
2023-11-16,22.696930996141
2023-11-17,22.2282787820359
2023-11-20,21.5205948424048
2023-11-21,21.2063965203624
2023-11-22,20.7893446880406
2023-11-24,20.2342384832454
2023-11-27,20.1743396754809
2023-11-28,19.702429387732
2023-11-29,19.2576594465908
2023-11-30,19.1644093745631
2023-12-01,18.7763614836845
2023-12-04,18.5936527996893
2023-12-05,19.0685026958031
2023-12-06,20.9679037133748
2023-12-07,20.6943582403219
2023-12-08,20.5612975491148
2023-12-11,20.2100066021639
2023-12-12,20.9832585434255
2023-12-13,20.6234439605674
2023-12-14,21.3811158016273
2023-12-15,20.7470613799764
2023-12-18,20.2881723877041
2023-12-19,20.3911139592913
2023-12-20,19.9427646964491
2023-12-21,20.3987490230847
2023-12-22,19.8969284117296
2023-12-26,19.7361025780421
2023-12-27,19.3961799345803
2023-12-28,18.9761253836116
2023-12-29,18.5976065323531
2024-01-02,18.5895611591846
2024-01-03,26.2199954576161
2024-01-04,25.5102019661317
2024-01-05,25.4823778314097
2024-01-08,24.6010118329989
2024-01-09,26.0915495708198
2024-01-10,25.0725157719822
2024-01-11,24.1560449626861
2024-01-12,23.3661143488885
2024-01-16,22.529130635085
2024-01-17,22.8505358836959
2024-01-18,22.3167340845701
2024-01-19,26.324612514504
2024-01-22,26.1103628131823
2024-01-23,25.5436677722971
2024-01-24,24.6245765868299
2024-01-25,23.8014875165025
2024-01-26,22.9802040332089
2024-01-29,22.7991250329312
2024-01-30,22.1663491176595
2024-01-31,23.840043058927
2024-02-01,25.2232764878973
2024-02-02,24.890340827693
2024-02-05,24.1609422632474
2024-02-06,23.5989214315206
2024-02-07,22.9991766936933
2024-02-08,22.2039087454977
2024-02-09,21.7898116888892
2024-02-12,21.1453262845023
2024-02-13,21.1976268705588
2024-02-14,21.5493309376153
2024-02-15,21.1324961415734
2024-02-16,20.5795125280632
2024-02-20,20.6351197019318
2024-02-21,20.2721719141819
2024-02-22,19.7908554529235
2024-02-23,19.8916361202725
2024-02-26,20.257110587984
2024-02-27,20.2396379627342
2024-02-28,19.9804049782924
2024-02-29,19.9142662082825
2024-03-01,19.6059271242147
2024-03-04,19.5256224521713
2024-03-05,23.3828598934102
2024-03-06,27.1051064188994
2024-03-07,26.1794774922328
2024-03-08,25.1031452684727
2024-03-11,24.471513911832
2024-03-12,24.0568606013212
2024-03-13,23.1599671469433
2024-03-14,23.3646157987132
2024-03-15,22.9915519598691
2024-03-18,22.2717196247133
2024-03-19,21.6705185500749
2024-03-20,21.8087867439388
2024-03-21,22.0797196873141
2024-03-22,30.2807624661432
2024-03-25,28.8770448001794
2024-03-26,27.9710956621987
2024-03-27,27.0205848429622
2024-03-28,27.5673528441238
2024-04-01,27.0300035006778
2024-04-02,26.3272303560031
2024-04-03,25.5692509845074
2024-04-04,24.5740000949154
2024-04-05,23.8403596972906
2024-04-08,23.0019694768538
2024-04-09,22.5773286944307
2024-04-10,21.9945039419095
2024-04-11,22.2187590468286
2024-04-12,29.4829011274895
2024-04-15,28.2940270387607
2024-04-16,29.4452230016096
2024-04-17,29.9015052174033
2024-04-18,28.8757149314502
2024-04-19,27.7702007573529
2024-04-22,27.3999639804553
2024-04-23,26.2444847791579
2024-04-24,25.2461799698715
2024-04-25,24.8343422911501
2024-04-26,23.9196494701565
2024-04-29,23.1666385609858
2024-04-30,25.0592626400624
2024-05-01,26.0347689345649
2024-05-02,25.2302917232285
2024-05-03,26.1975140390664
2024-05-06,37.5494448235289
2024-05-07,35.8948260777836
2024-05-08,33.9841032530494
2024-05-09,32.2109160096153
2024-05-10,30.8620424759385
2024-05-13,29.6511816727055
2024-05-14,29.3165769311741
2024-05-15,28.0245236760991
2024-05-16,27.2586968388829
2024-05-17,26.0634605918888
2024-05-20,24.9821320509614
2024-05-21,24.095484565642
2024-05-22,23.3311556505543
2024-05-23,22.9522214869197
2024-05-24,24.879906813969
2024-05-28,25.0079992507799
2024-05-29,24.0269705711519
2024-05-30,23.1260163970617
2024-05-31,22.3845735818871
2024-06-03,21.7090797118554
2024-06-04,21.3703809231972
2024-06-05,20.7328373639481
2024-06-06,20.3922496451027
2024-06-07,20.3229593849491
2024-06-10,20.4940190550098
2024-06-11,22.484569838099
2024-06-12,40.2943361944614
2024-06-13,40.2062045694708
2024-06-14,37.9847885273073
2024-06-17,36.2177783459005
2024-06-18,35.3890494353735
2024-06-20,34.08513439864
2024-06-21,34.3050084598793
2024-06-24,33.0489656411651
2024-06-25,31.3616757235605
2024-06-26,29.8390577588665
2024-06-27,29.8032348924051
2024-06-28,28.4034870205048
2024-07-01,28.5286673832274
2024-07-02,30.3443489159698
2024-07-03,29.7465405821972
2024-07-05,28.4027628443393
2024-07-08,28.813522335442
2024-07-09,27.5815176327702
2024-07-10,26.37418177385
2024-07-11,26.6209045795615
2024-07-12,28.3533830526915
2024-07-15,27.6388839270084
2024-07-16,27.4248572105956
2024-07-17,26.2101735897225
2024-07-18,28.4934487187315
2024-07-19,29.3393891177018
2024-07-22,27.9604855380687
2024-07-23,26.7440865233662
2024-07-24,25.6356623962861
2024-07-25,28.9229797363598
2024-07-26,27.7552862699439
2024-07-29,26.5125165515917
2024-07-30,25.3804298139217
2024-07-31,24.356394080546
2024-08-01,24.3268454321673
2024-08-02,25.1299300510955
2024-08-05,24.2653952665126
2024-08-06,34.3724650197026
2024-08-07,33.0442792250114
2024-08-08,31.8032567917403
2024-08-09,31.0930265782181
2024-08-12,30.1507430809731
2024-08-13,28.8251373578428
2024-08-14,28.5271221148914
2024-08-15,27.2154532205563
2024-08-16,26.6697980098623
2024-08-19,25.6101549908183
2024-08-20,24.5872251362032
2024-08-21,23.6396413192877
2024-08-22,22.7996007233021
2024-08-23,22.5564352152686
2024-08-26,22.2148232506225
2024-08-27,21.491548806601
2024-08-28,20.868066976043
2024-08-29,20.7032710117608
2024-08-30,21.1187137240969
2024-09-03,20.6606529881713
2024-09-04,24.7475139622833
2024-09-05,24.3087472411425
2024-09-06,23.5283510093556
2024-09-09,23.0768666090943
2024-09-10,22.27569678319
2024-09-11,21.7014341099191
2024-09-12,21.595286480715
2024-09-13,20.9422147908751
2024-09-16,20.3968335615143
2024-09-17,24.7293608733533
2024-09-18,23.7636579933021
2024-09-19,24.2545322483897
2024-09-20,28.9854526396411
2024-09-23,27.7271010117584
2024-09-24,26.8747282255748
2024-09-25,25.7361778308986
2024-09-26,24.8539711704799
2024-09-27,23.9362255389688
2024-09-30,23.0449533142516
2024-10-01,24.5486486897511
2024-10-02,28.2075568800533
2024-10-03,26.9275754473505
2024-10-04,25.9586123984105
2024-10-07,24.933368169529
2024-10-08,26.8197481292811
2024-10-09,26.9537300507997
2024-10-10,26.8173157911261
2024-10-11,25.7266638224636
2024-10-14,24.991883223844
2024-10-15,25.085319820309
2024-10-16,24.5223455053221
2024-10-17,24.1422056715957
2024-10-18,23.2302254241139
2024-10-21,23.0112851130088
2024-10-22,22.3275774428901
2024-10-23,21.6948257894299
2024-10-24,24.0169509295319
2024-10-25,23.1470968574828
2024-10-28,22.3539448658163
2024-10-29,21.8884474685128
2024-10-30,21.1992587421193
2024-10-31,22.2334348862507
2024-11-01,23.6664982839966
2024-11-04,23.9687471695398
2024-11-05,23.2407024790859
2024-11-06,22.5447922853452
2024-11-07,21.9225265507885
2024-11-08,23.32866532623
2024-11-11,22.5389531754321
2024-11-12,22.8146992544679
2024-11-13,22.0455178819755
2024-11-14,21.3709775419833
2024-11-15,21.5755391821408
2024-11-18,22.3381488982739
2024-11-19,22.3719337121077
2024-11-20,21.6342060624645
2024-11-21,20.9834631235839
2024-11-22,20.4685386509576
2024-11-25,20.0378174486569
2024-11-26,20.3313855069787
2024-11-27,20.1684670904155
2024-11-29,19.6865743379597
2024-12-02,19.6881361177161
2024-12-03,19.6171032670869
2024-12-04,19.932233313167
2024-12-05,19.4463297559278
2024-12-06,19.0274109942061
2024-12-09,18.6794107224599
2024-12-10,19.6624121109483
2024-12-11,19.245013608077
2024-12-12,19.1318322180063
2024-12-13,18.8567135013169
2024-12-16,18.494847011025
2024-12-17,18.8367991001588
2024-12-18,18.8953669509034
2024-12-19,21.8139311564541
2024-12-20,21.3010212520724
2024-12-23,22.3208804866091
2024-12-24,21.5982557184168
2024-12-26,21.4916828976714
2024-12-27,20.8556223740463
2024-12-30,21.5782109184789
2024-12-31,22.1861103879667
2025-01-02,21.8895168097036
2025-01-03,25.3742793357762
2025-01-06,24.4100760906716
2025-01-07,23.6086206819067
2025-01-08,23.650014627046
2025-01-10,22.7863516667664
2025-01-13,25.4939078781094
2025-01-14,25.1603330742326
2025-01-15,24.357423888711
2025-01-16,25.0417491583175
2025-01-17,32.0708431011706
2025-01-21,30.5990797791345
2025-01-22,33.6352701372955
2025-01-23,31.9455047685824
2025-01-24,30.3634269033295
2025-01-27,29.0223499399576
2025-01-28,31.3254246464952
2025-01-29,34.2525444991841
2025-01-30,32.4895260711089
2025-01-31,31.1619438828338
2025-02-03,29.9067750041847
2025-02-04,33.5979472172098
2025-02-05,33.2504382807502
2025-02-06,31.5737354175485
2025-02-07,30.0107065956493
2025-02-10,31.3077292569754
2025-02-11,29.7569831322724
2025-02-12,30.0145167244073
2025-02-13,29.7109244693105
2025-02-14,29.6409146697744
2025-02-18,28.7503134829739
2025-02-19,27.439307441894
2025-02-20,26.2232309693606
2025-02-21,25.1428237903609
2025-02-24,24.1747999758896
2025-02-25,23.3751351931061
2025-02-26,22.5559349610305
2025-02-27,26.1035946835167
2025-02-28,25.9989594065127
2025-03-03,26.3545531089799
2025-03-04,26.6848179344202
2025-03-05,26.0536248609273
2025-03-06,24.991000578809
2025-03-07,24.0557743772819
2025-03-10,24.1899321769286
2025-03-11,34.4523076545269
2025-03-12,36.0937162275013
2025-03-13,35.4441763372056
2025-03-14,37.9409983578506
2025-03-17,36.7647495399724
2025-03-18,34.7689313577912
2025-03-19,33.1542667866249
2025-03-20,31.8612732456629
2025-03-21,30.4577567914298
2025-03-24,30.2724928102549
2025-03-25,29.1951009253087
2025-03-26,28.447011934492
2025-03-27,27.7426383255074
2025-03-28,26.8575294462432
2025-03-31,29.3262334819241
2025-04-01,29.2810085747457
2025-04-02,27.9454804885189
2025-04-03,26.694918932348
2025-04-04,55.0886026735229
2025-04-07,64.2579740020419
2025-04-08,63.2156544736036
2025-04-09,64.720946406222
2025-04-10,92.4912076185484
2025-04-11,89.3206813510214
2025-04-14,85.6425489087101
2025-04-15,80.7159607506461
2025-04-16,75.5354272576122
2025-04-17,73.5939904189939
2025-04-21,69.1613453799704
2025-04-22,65.6171517863059
2025-04-23,63.4768543657228
2025-04-24,60.5117701436751
2025-04-25,57.3298587917448
2025-04-28,53.8021145774524
2025-04-29,50.5289259432966
2025-04-30,47.5119968493445
2025-05-01,44.7428684118813
2025-05-02,42.1415620434204
2025-05-05,44.3149367979717
2025-05-06,44.9028525138307
2025-05-07,42.3095253547034
2025-05-08,40.3987371207918
2025-05-09,38.1868318802349
2025-05-12,36.1211914080828
2025-05-13,45.147468313059
2025-05-14,42.7025597167534
2025-05-15,40.3020952792095
2025-05-16,38.1327945420645
2025-05-19,36.0478283447074
2025-05-20,34.7472826439364
2025-05-21,33.3445628616441
2025-05-22,33.9426306038045
2025-05-23,32.2745111640766
2025-05-27,34.5631296380431
2025-05-28,34.7363128375095
2025-05-29,32.9029964318728
2025-05-30,31.2798219484332
2025-06-02,29.7652213165189
2025-06-03,28.3746511673909
2025-06-04,27.2455766156216
2025-06-05,26.115998742976
2025-06-06,25.7680197870467
2025-06-09,25.7496573306749
2025-06-10,25.6174607812797
2025-06-11,24.6656364794928
2025-06-12,25.8817998168301
2025-06-13,24.8083005163137
2025-06-16,25.0389851826614
2025-06-17,24.3988867790693
2025-06-18,24.7210712807968
2025-06-20,23.807383467068
2025-06-23,25.0956385854382
2025-06-24,24.0971043277632
2025-06-25,23.4912382637307
2025-06-26,22.759881209106
2025-06-27,22.0898504612219
2025-06-30,21.3873359662917
2025-07-01,22.6838522258902
2025-07-02,22.6021510885812
2025-07-03,24.0511700203795
2025-07-07,23.2148705488929
2025-07-08,24.2139958598091
2025-07-09,23.3038664952923
2025-07-10,22.5496455932592
2025-07-11,21.9003259855492
2025-07-14,21.5327554861916
2025-07-15,21.9511963053759
2025-07-16,21.2577520650104
2025-07-17,20.7002105665104
2025-07-18,20.1640433067128
2025-07-21,19.7477553545871
2025-07-22,19.4109621468723
2025-07-23,19.3295664275447
2025-07-24,18.9596755328538
2025-07-25,18.6577328682734
2025-07-28,18.3198060124105
2025-07-29,18.0176655200791
2025-07-30,19.1755380620753
2025-07-31,19.7108071748832
2025-08-01,19.7233266366959
2025-08-04,23.4166137643103
2025-08-05,22.6309149334869
2025-08-06,21.9439187709884
2025-08-07,31.8892259149913
2025-08-08,33.6436307117458
2025-08-11,37.4931179464266
2025-08-12,35.7856165228769
2025-08-13,34.1724307412962
2025-08-14,33.1445890456263
2025-08-15,31.5023178941714
2025-08-18,30.1191667638862
2025-08-19,28.7600052438684
2025-08-20,27.468235308001
2025-08-21,28.3305547134374
2025-08-22,27.2255766925972
2025-08-25,26.5958195370737
2025-08-26,25.5431950325187
2025-08-27,24.8031547239219
2025-08-28,23.8916546329483
2025-08-29,23.28744965284
2025-09-02,22.5220954168223
2025-09-03,22.5742704916686
2025-09-04,28.1017906788131
2025-09-05,26.8925937349941
2025-09-08,25.7444845460937
2025-09-09,25.0972989809441
2025-09-10,25.4477396589059
2025-09-11,29.7531574225559
2025-09-12,29.0169767166451
2025-09-15,28.7423660550604
2025-09-16,27.8140645965418
2025-09-17,26.6569054795927
2025-09-18,25.5285644136592
2025-09-19,24.6819605646143
2025-09-22,27.964439792357
2025-09-23,33.3936527715146
2025-09-24,31.9247800388034
2025-09-25,30.7197028326683
2025-09-26,30.3140485492833
2025-09-29,29.0630500410202
2025-09-30,27.8439113004794
2025-10-01,26.5948567777769
2025-10-02,25.4672003922597
2025-10-03,24.5526416812496
2025-10-06,23.6191213041802
2025-10-07,23.0035281836605
2025-10-08,22.2339679647568
2025-10-09,21.6255159298724
2025-10-10,22.6463371374429
2025-10-13,28.4378726967965
2025-10-14,27.4322681582753
2025-10-15,26.2233404932344
2025-10-16,25.2249581791822
2025-10-17,24.6377535305148
2025-10-20,25.2605398087944
2025-10-21,30.3914339878623
2025-10-22,28.9183115199807
2025-10-23,29.0036091096732
2025-10-24,27.6840431064617
2025-10-27,26.9797471159548
2025-10-28,27.8012432464558
2025-10-29,26.5570532627142
2025-10-30,25.4251339664566
2025-10-31,24.5016949891019
2025-11-03,23.7078223799136
2025-11-04,23.0625066142161
2025-11-05,22.2787307918837
2025-11-06,21.5577380393765
2025-11-07,20.9528581021535
2025-11-10,20.6060776146178
2025-11-11,20.1009276727742
2025-11-12,21.9000279262897
2025-11-13,21.5873160338135
2025-11-14,20.9989375720229
2025-11-17,20.4767666920308
2025-11-18,22.2415328737734
2025-11-19,21.5308678869372
2025-11-20,20.9156242104989
2025-11-21,20.9490254034083
2025-11-24,22.1991252768063
2025-11-25,22.6506620539841
2025-11-26,21.9098762957152
2025-11-28,21.218570622413
2025-12-01,20.6523569929084
2025-12-02,21.1728834546889
2025-12-03,21.0559080601737
2025-12-04,20.9075559708755
2025-12-05,21.4362742346864
2025-12-08,21.2078620733638
2025-12-09,20.7231312759108
2025-12-10,20.2576771819542
2025-12-11,19.8434986147632
2025-12-12,19.4842544300037
2025-12-15,19.0501237407348
2025-12-16,20.4103835181154
2025-12-17,19.8735342387675
