"h","model","MSE","RMSE","MAE","MAPE"
1,"RW",23.6523,4.8634,3.4509,1.2014
1,"RW_drift",23.5593,4.8538,3.433,1.1963
1,"ARIMA",23.8807,4.8868,3.4496,1.2018
1,"VAR",23.6713,4.8653,3.4893,1.2157
1,"GARCH",23.5879,4.8567,3.4338,1.1971
1,"LSTM",23.6394,4.862,3.4305,1.1944
1,"GRU",23.5296,4.8507,3.4145,1.1898
5,"RW",125.0353,11.1819,8.8317,3.052
5,"RW_drift",122.3253,11.0601,8.64,3.0022
5,"ARIMA",122.2451,11.0564,8.6201,2.9966
5,"VAR",124.29,11.1485,8.7009,3.0229
5,"GARCH",122.9511,11.0883,8.6176,3.0004
5,"LSTM",122.8049,11.0817,8.6794,3.012
5,"GRU",119.8842,10.9492,8.5842,2.9831
10,"RW",231.537,15.2163,12.7491,4.3633
10,"RW_drift",220.7458,14.8575,12.3891,4.2882
10,"ARIMA",222.5941,14.9196,12.4639,4.3149
10,"VAR",223.0045,14.9333,12.4351,4.3063
10,"GARCH",223.3772,14.9458,12.381,4.3033
10,"LSTM",224.544,14.9848,12.5702,4.3403
10,"GRU",221.6929,14.8894,12.438,4.2972
