,,MSE,RMSE,MAE,MAPE
lstm,h=1,23.639439947918206,4.86204071845539,3.4305452086480797,1.1944276926952424
lstm,h=5,122.80485101464322,11.081735018247063,8.679352941990427,3.0120447265470407
lstm,h=10,224.5440041216727,14.984792428381272,12.570193895402422,4.340302824408444
gru,h=1,23.529598321817033,4.850731730555405,3.414481540300674,1.1897890841469905
gru,h=5,119.88420634121275,10.949164641250617,8.58415189501973,2.983067990859225
gru,h=10,221.69289556251152,14.889355109020388,12.438015941866691,4.297162584438883
rw0,h=1,23.652337636408046,4.863366903330248,3.4508850753948326,1.2013868076023912
rw0,h=5,125.03534058492731,11.181920254809874,8.8317377234018,3.0520164873922426
rw0,h=10,231.53700711628477,15.216340135403282,12.749149281491523,4.363329052917587
rwdrift,h=1,23.55933879217812,4.853796327842581,3.4330092115832467,1.1962807859183069
rwdrift,h=5,122.3252707286751,11.060075529971533,8.640017367841255,3.002221046751973
rwdrift,h=10,220.74579152494917,14.857516330966934,12.389096266929261,4.288176966661758
