"Index","AAPL","XLK"
"2019-01-02",37.4369239807129,28.9638195037842
"2019-01-03",33.7079315185547,27.5020885467529
"2019-01-04",35.1468887329102,28.7209815979004
"2019-01-07",35.068660736084,28.9778366088867
"2019-01-08",35.737174987793,29.220682144165
"2019-01-09",36.344066619873,29.5989513397217
"2019-01-10",36.4602203369141,29.72971534729
"2019-01-11",36.1022491455078,29.673677444458
"2019-01-14",35.5593757629395,29.3981399536133
"2019-01-15",36.2871704101562,29.8418006896973
"2019-01-16",36.7304611206055,29.8698215484619
"2019-01-17",36.9485664367676,30.0612926483154
"2019-01-18",37.1761436462402,30.5189628601074
"2019-01-22",36.3416862487793,30.0052547454834
"2019-01-23",36.4886665344238,30.1079998016357
"2019-01-24",36.1994476318359,30.3601741790771
"2019-01-25",37.3989906311035,30.7898254394531
"2019-01-28",37.0528831481934,30.3788528442383
"2019-01-29",36.6688346862793,30.0519580841064
"2019-01-30",39.1745872497559,30.9859638214111
"2019-01-31",39.4566879272461,30.9532718658447
"2019-02-01",39.4756507873535,31.1354084014893
"2019-02-04",40.5969543457031,31.6351013183594
"2019-02-05",41.2915649414062,31.901309967041
"2019-02-06",41.3057861328125,32.0087127685547
"2019-02-07",40.5234680175781,31.5697364807129
"2019-02-08",40.5710830688477,31.751859664917
"2019-02-11",40.337776184082,31.7378463745117
"2019-02-12",40.6853675842285,32.1581573486328
"2019-02-13",40.5163307189941,32.2001838684082
"2019-02-14",40.6639404296875,32.2562294006348
"2019-02-15",40.5734710693359,32.5130958557129
"2019-02-19",40.6948852539062,32.5224227905273
"2019-02-20",40.9567832946777,32.5597839355469
"2019-02-21",40.725830078125,32.573802947998
"2019-02-22",41.1805648803711,32.9894256591797
"2019-02-25",41.4805526733398,33.1482162475586
"2019-02-26",41.5043601989746,33.2182693481445
"2019-02-27",41.6329154968262,33.1855773925781
"2019-02-28",41.2234191894531,33.0921669006348
"2019-03-01",41.6567306518555,33.316333770752
"2019-03-04",41.8662490844727,33.1902503967285
"2019-03-05",41.7900543212891,33.0921669006348
"2019-03-06",41.5495910644531,32.919376373291
"2019-03-07",41.0686645507812,32.6064949035645
"2019-03-08",41.1662979125977,32.6018180847168
"2019-03-11",42.5923881530762,33.3023147583008
"2019-03-12",43.0709228515625,33.4984741210938
"2019-03-13",43.2613716125488,33.7179565429688
"2019-03-14",43.7422943115234,33.788013458252
"2019-03-15",44.3113059997559,34.1970252990723
"2019-03-18",44.7636642456055,34.3422660827637
"2019-03-19",44.4089241027832,34.4125518798828
"2019-03-20",44.7969856262207,34.3188438415527
"2019-03-21",46.4468765258789,35.1809005737305
"2019-03-22",45.4850463867188,34.3516426086426
"2019-03-25",44.9350776672363,34.2017135620117
"2019-03-26",44.4708251953125,34.3891334533691
"2019-03-27",44.8708000183105,34.1923446655273
"2019-03-28",44.9303245544434,34.3329010009766
"2019-03-29",45.2231483459473,34.6702346801758
"2019-04-01",45.5302810668945,35.1434364318848
"2019-04-02",46.1921272277832,35.2652397155762
"2019-04-03",46.5087890625,35.5510482788086
"2019-04-04",46.5897254943848,35.4011154174805
"2019-04-05",46.9016151428223,35.5697860717773
"2019-04-08",47.6396560668945,35.7056579589844
"2019-04-09",47.4968109130859,35.5369873046875
"2019-04-10",47.7634696960449,35.7853050231934
"2019-04-11",47.3658676147461,35.7384567260742
"2019-04-12",47.3468208312988,35.9867630004883
"2019-04-15",47.4325370788574,35.9727058410645
"2019-04-16",47.4372940063477,36.1554222106934
"2019-04-17",48.3610343933105,36.3568916320801
"2019-04-18",48.5348434448242,36.4599571228027
"2019-04-22",48.6943435668945,36.5442962646484
"2019-04-23",49.3966827392578,36.9425468444824
"2019-04-24",49.3204956054688,36.9565887451172
"2019-04-25",48.8729095458984,36.9472236633301
"2019-04-26",48.6395874023438,36.8066673278809
"2019-04-29",48.7134017944336,36.8160247802734
"2019-04-30",47.7753677368164,36.8769378662109
"2019-05-01",50.1204566955566,36.7832374572754
"2019-05-02",49.7942695617676,36.5911483764648
"2019-05-03",50.4132881164551,36.9378547668457
"2019-05-06",49.6347541809082,36.6520538330078
"2019-05-07",48.2967567443848,35.8649559020996
"2019-05-08",48.306282043457,35.8227844238281
"2019-05-09",47.7872657775879,35.5791473388672
"2019-05-10",47.1252479553223,35.6916046142578
"2019-05-13",44.3863525390625,34.3469543457031
"2019-05-14",45.0890007019043,34.8998069763184
"2019-05-15",45.6291389465332,35.279296875
"2019-05-16",45.4283714294434,35.6025695800781
"2019-05-17",45.1702613830566,35.3167839050293
"2019-05-20",43.7578010559082,34.7030372619629
"2019-05-21",44.5966835021973,35.1293754577637
"2019-05-22",43.6837120056152,34.9466514587402
"2019-05-23",42.9380378723145,34.3329010009766
"2019-05-24",42.7731285095215,34.3422660827637
"2019-05-28",42.5962791442871,34.2438812255859
"2019-05-29",42.393123626709,34.0424156188965
"2019-05-30",42.6130104064941,34.253246307373
"2019-05-31",41.8410453796387,33.6816673278809
"2019-06-03",41.4180145263672,33.0913391113281
"2019-06-04",42.9332504272461,34.1970252990723
"2019-06-05",43.6263465881348,34.6421203613281
"2019-06-06",44.2668533325195,35.0450592041016
"2019-06-07",45.4451065063477,35.6962852478027
"2019-06-10",46.0258636474609,36.0617256164551
"2019-06-11",46.558837890625,36.0617256164551
"2019-06-12",46.4106559753418,35.8602638244629
"2019-06-13",46.4010848999023,35.9680252075195
"2019-06-14",46.0641136169434,35.6541175842285
"2019-06-17",46.3389434814453,35.6822395324707
"2019-06-18",47.4287757873535,36.328784942627
"2019-06-19",47.290168762207,36.4599571228027
"2019-06-20",47.670166015625,36.9940757751465
"2019-06-21",47.507640838623,36.8191680908203
"2019-06-24",47.4598503112793,36.8897018432617
"2019-06-25",46.7404632568359,36.2126502990723
"2019-06-26",47.7514228820801,36.6028785705566
"2019-06-27",47.7370872497559,36.6969299316406
"2019-06-28",47.3021125793457,36.6922187805176
"2019-07-01",48.1696624755859,37.2752342224121
"2019-07-02",48.4516830444336,37.3739814758301
"2019-07-03",48.8531951904297,37.6607818603516
"2019-07-05",48.8101654052734,37.5902557373047
"2019-07-08",47.8040008544922,37.3034477233887
"2019-07-09",48.095573425293,37.4351005554199
"2019-07-10",48.5711631774902,37.7313041687012
"2019-07-11",48.2174606323242,37.8723564147949
"2019-07-12",48.5879096984863,38.1497611999512
"2019-07-15",49.0443954467773,38.2767105102539
"2019-07-16",48.8747100830078,37.9193840026855
"2019-07-17",48.5998687744141,37.8206405639648
"2019-07-18",49.1519393920898,38.1027336120605
"2019-07-19",48.4182205200195,37.9381828308105
"2019-07-22",49.5247764587402,38.3754463195801
"2019-07-23",49.9119453430176,38.5870208740234
"2019-07-24",49.8713150024414,38.9067344665527
"2019-07-25",49.4769744873047,38.7468757629395
"2019-07-26",49.6490478515625,38.8315086364746
"2019-07-29",50.1126976013184,38.8080062866211
"2019-07-30",49.8975944519043,38.5588073730469
"2019-07-31",50.9157218933105,37.9757843017578
"2019-08-01",49.8139533996582,37.783016204834
"2019-08-02",48.7599868774414,37.1670837402344
"2019-08-05",46.2075042724609,35.6155433654785
"2019-08-06",47.0822372436523,36.2079582214355
"2019-08-07",47.5697822570801,36.4336242675781
"2019-08-08",48.6189765930176,37.3269500732422
"2019-08-09",48.218334197998,36.9037857055664
"2019-08-12",48.0959892272949,36.4195327758789
"2019-08-13",50.1327781677246,37.3316612243652
"2019-08-14",48.6405754089355,36.1844329833984
"2019-08-15",48.3982734680176,36.1186180114746
"2019-08-16",49.5402069091797,36.8050575256348
"2019-08-19",50.4638481140137,37.3645629882812
"2019-08-20",50.4662399291992,37.176513671875
"2019-08-21",51.0132179260254,37.6137580871582
"2019-08-22",50.970043182373,37.5244293212891
"2019-08-23",48.6141777038574,36.2831687927246
"2019-08-26",49.5378074645996,36.7862548828125
"2019-08-27",48.978832244873,36.7298469543457
"2019-08-28",49.3074951171875,36.7627449035645
"2019-08-29",50.1423606872559,37.4021873474121
"2019-08-30",50.0775947570801,37.3927726745605
"2019-09-03",49.3482933044434,36.936710357666
"2019-09-04",50.185546875,37.5667457580566
"2019-09-05",51.1667671203613,38.3519287109375
"2019-09-06",51.1619567871094,38.319019317627
"2019-09-09",51.3802680969238,38.0322151184082
"2019-09-10",51.9872283935547,37.8394470214844
"2019-09-11",53.6401672363281,38.2343826293945
"2019-09-12",53.5202140808105,38.4412651062012
"2019-09-13",52.4790382385254,38.1591644287109
"2019-09-16",52.7549324035645,38.065128326416
"2019-09-17",52.9468383789062,38.2202835083008
"2019-09-18",53.4434509277344,38.2155799865723
"2019-09-19",53.0092277526855,38.3002052307129
"2019-09-20",52.2343292236328,37.8535690307617
"2019-09-23",52.4718360900879,37.9714851379395
"2019-09-24",52.2223358154297,37.6036109924316
"2019-09-25",53.0260200500488,38.0516624450684
"2019-09-26",52.7525291442871,38.0941009521484
"2019-09-27",52.4958343505859,37.5847473144531
"2019-09-30",53.7313232421875,37.9809112548828
"2019-10-01",53.8800735473633,37.6271858215332
"2019-10-02",52.5294189453125,36.919734954834
"2019-10-03",52.9756355285645,37.3724937438965
"2019-10-04",54.4606437683105,37.990348815918
"2019-10-07",54.4726371765137,37.8299903869629
"2019-10-08",53.8344993591309,37.1366806030273
"2019-10-09",54.4654426574707,37.6884956359863
"2019-10-10",55.1995391845703,37.9479103088379
"2019-10-11",56.6677627563477,38.4714126586914
"2019-10-14",56.5861892700195,38.4478225708008
"2019-10-15",56.4542503356934,38.8723030090332
"2019-10-16",56.2263412475586,38.6034660339355
"2019-10-17",56.444652557373,38.5280151367188
"2019-10-18",56.7157402038574,38.1601371765137
"2019-10-21",57.6993446350098,38.5704536437988
"2019-10-22",57.5674095153809,38.0516624450684
"2019-10-23",58.3398895263672,38.0846710205078
"2019-10-24",58.4358406066895,38.6412086486816
"2019-10-25",59.155574798584,39.1081237792969
"2019-10-28",59.7481346130371,39.6033477783203
"2019-10-29",58.3662757873535,39.2448959350586
"2019-10-30",58.3590850830078,39.4854431152344
"2019-10-31",59.6785469055176,39.461841583252
"2019-11-01",61.3722686767578,39.9334869384766
"2019-11-04",61.7753219604492,40.1410064697266
"2019-11-05",61.6865577697754,40.0938491821289
"2019-11-06",61.7129364013672,40.0749778747559
"2019-11-07",62.4251823425293,40.3909797668457
"2019-11-08",62.5960350036621,40.6173629760742
"2019-11-11",63.0917129516602,40.6362266540527
"2019-11-12",63.0339698791504,40.7730026245117
"2019-11-13",63.6379318237305,40.8626136779785
"2019-11-14",63.1975860595703,40.8154525756836
"2019-11-15",63.9483451843262,41.1455955505371
"2019-11-18",64.2707901000977,41.2682266235352
"2019-11-19",64.0758819580078,41.3484039306641
"2019-11-20",63.3299407958984,41.0984306335449
"2019-11-21",63.0460090637207,40.8909149169922
"2019-11-22",62.990665435791,40.8390274047852
"2019-11-25",64.0951309204102,41.433292388916
"2019-11-26",63.5946273803711,41.4710273742676
"2019-11-27",64.4488372802734,41.7021331787109
"2019-11-29",64.3068771362305,41.5795097351074
"2019-12-02",63.563362121582,40.9852447509766
"2019-12-03",62.4300155639648,40.6220779418945
"2019-12-04",62.981029510498,40.7871513366699
"2019-12-05",63.905029296875,40.9380722045898
"2019-12-06",65.1394424438477,41.3908500671387
"2019-12-09",64.2274627685547,41.1739120483398
"2019-12-10",64.6028289794922,41.2069129943848
"2019-12-11",65.1538772583008,41.4851722717285
"2019-12-12",65.3199157714844,41.9285163879395
"2019-12-13",66.2077941894531,42.2067832946777
"2019-12-16",67.3411636352539,42.5840950012207
"2019-12-17",67.4734878540039,42.4850463867188
"2019-12-18",67.3122634887695,42.4803237915039
"2019-12-19",67.3796463012695,42.7868957519531
"2019-12-20",67.2400817871094,43.0353126525879
"2019-12-23",68.3373336791992,43.1583404541016
"2019-12-24",68.4023056030273,43.1725234985352
"2019-12-26",69.7594451904297,43.4942893981934
"2019-12-27",69.7329559326172,43.489559173584
"2019-12-30",70.1468276977539,43.2387771606445
"2019-12-31",70.6593627929688,43.3759918212891
"2020-01-02",72.2715377807617,44.1898536682129
"2020-01-03",71.5689392089844,43.6930160522461
"2020-01-06",72.1391983032227,43.7971305847168
"2020-01-07",71.7999267578125,43.7781982421875
"2020-01-08",72.9549102783203,44.246639251709
"2020-01-09",74.504524230957,44.748218536377
"2020-01-10",74.672966003418,44.6441040039062
"2020-01-13",76.2683181762695,45.2024574279785
"2020-01-14",75.2384414672852,44.9895324707031
"2020-01-15",74.9160003662109,45.0415687561035
"2020-01-16",75.8544464111328,45.6472358703613
"2020-01-17",76.694221496582,45.9547996520996
"2020-01-21",76.1744842529297,45.9358825683594
"2020-01-22",76.4463882446289,46.1014862060547
"2020-01-23",76.8145370483398,46.3191566467285
"2020-01-24",76.5931625366211,46.1014862060547
"2020-01-27",74.3408966064453,45.0037307739258
"2020-01-28",76.443962097168,45.8648986816406
"2020-01-29",78.0441131591797,45.9831886291504
"2020-01-30",77.931022644043,46.3806648254395
"2020-01-31",74.4756546020508,45.1078224182129
"2020-02-03",74.2711181640625,45.7040100097656
"2020-02-04",76.7230911254883,46.9011573791504
"2020-02-05",77.3487091064453,47.175594329834
"2020-02-06",78.2534637451172,47.6061897277832
"2020-02-07",77.1897735595703,47.1708679199219
"2020-02-10",77.5564117431641,47.8096542358398
"2020-02-11",77.0884628295898,47.6487770080566
"2020-02-12",78.9191513061523,48.1645317077637
"2020-02-13",78.3571548461914,48.0367736816406
"2020-02-14",78.3764801025391,48.2449722290039
"2020-02-18",76.9413604736328,48.0651626586914
"2020-02-19",78.0556793212891,48.6377105712891
"2020-02-20",77.2549057006836,48.1314125061035
"2020-02-21",75.5062255859375,47.0525665283203
"2020-02-24",71.9196624755859,45.1078224182129
"2020-02-25",69.4835891723633,43.6646347045898
"2020-02-26",70.5858612060547,43.8633728027344
"2020-02-27",65.9717788696289,41.4974937438965
"2020-02-28",65.9331893920898,41.8145179748535
"2020-03-02",72.0716018676758,44.2324485778809
"2020-03-03",69.7826843261719,42.552661895752
"2020-03-04",73.0195007324219,44.3791275024414
"2020-03-05",70.6509857177734,42.9785270690918
"2020-03-06",69.7127304077148,42.0700378417969
"2020-03-09",64.1990051269531,38.8761024475098
"2020-03-10",68.8227462768555,41.469108581543
"2020-03-11",66.4324722290039,39.5101547241211
"2020-03-12",59.8719596862793,35.6537704467773
"2020-03-13",67.0451202392578,39.8366470336914
"2020-03-16",58.4199562072754,34.3336067199707
"2020-03-17",60.9886894226074,36.6711044311523
"2020-03-18",59.4956970214844,35.2894325256348
"2020-03-19",59.0398216247559,35.4171867370605
"2020-03-20",55.2916641235352,33.7942008972168
"2020-03-23",54.1170349121094,33.4855079650879
"2020-03-24",59.5463409423828,36.914909362793
"2020-03-25",59.2183227539062,36.8673515319824
"2020-03-26",62.3345642089844,39.1504516601562
"2020-03-27",59.7537727355957,37.3810386657715
"2020-03-30",61.4590225219727,38.9554405212402
"2020-03-31",61.3335990905762,38.2276916503906
"2020-04-01",58.1064071655273,36.4059715270996
"2020-04-02",59.0760116577148,37.2573738098145
"2020-04-03",58.2269973754883,36.6818466186523
"2020-04-06",63.3065719604492,39.8115921020508
"2020-04-07",62.5733375549316,39.4548606872559
"2020-04-08",64.1748733520508,40.5155487060547
"2020-04-09",64.6379852294922,40.5250549316406
"2020-04-13",65.9066772460938,40.6154289245605
"2020-04-14",69.2351455688477,42.3182487487793
"2020-04-15",68.6032333374023,41.3954963684082
"2020-04-16",69.148323059082,41.8996772766113
"2020-04-17",68.210075378418,42.4561882019043
"2020-04-20",66.7942504882812,41.776008605957
"2020-04-21",64.729621887207,40.0256385803223
"2020-04-22",66.5940704345703,41.566722869873
"2020-04-23",66.3359756469727,41.2813453674316
"2020-04-24",68.2510757446289,42.1565361022949
"2020-04-27",68.2993240356445,42.5180206298828
"2020-04-28",67.1922378540039,41.9520072937012
"2020-04-29",69.3991775512695,43.6738395690918
"2020-04-30",70.8632278442383,43.4788284301758
"2020-05-01",69.7223892211914,42.2849502563477
"2020-05-04",70.7088623046875,42.8462257385254
"2020-05-05",71.7701263427734,43.4360122680664
"2020-05-06",72.5105972290039,43.7737236022949
"2020-05-07",73.2607116699219,44.4301147460938
"2020-05-08",75.0044555664062,45.0817527770996
"2020-05-11",76.1846771240234,45.3814239501953
"2020-05-12",75.3140029907227,44.4443855285645
"2020-05-13",74.404655456543,43.6785926818848
"2020-05-14",74.8617553710938,44.2351112365723
"2020-05-15",74.4191741943359,44.4586448669434
"2020-05-18",76.1725616455078,45.5479011535645
"2020-05-19",75.7323989868164,45.3814239501953
"2020-05-20",77.2052764892578,46.3755073547363
"2020-05-21",76.6296463012695,45.7286376953125
"2020-05-22",77.1230392456055,45.8951034545898
"2020-05-26",76.6006317138672,45.8475456237793
"2020-05-27",76.9344024658203,46.1091499328613
"2020-05-28",76.96826171875,46.0187759399414
"2020-05-29",76.8932800292969,46.599063873291
"2020-06-01",77.8389282226562,46.5848045349121
"2020-06-02",78.1992874145508,47.022388458252
"2020-06-03",78.629753112793,47.3886375427246
"2020-06-04",77.9525909423828,46.9986114501953
"2020-06-05",80.1727447509766,48.2352981567383
"2020-06-08",80.6467666625977,48.4778671264648
"2020-06-09",83.1934280395508,48.706184387207
"2020-06-10",85.3337783813477,49.5195388793945
"2020-06-11",81.2368698120117,46.6799278259277
"2020-06-12",81.9382400512695,47.283992767334
"2020-06-15",82.9515838623047,47.7406158447266
"2020-06-16",85.1499786376953,48.7585182189941
"2020-06-17",85.0314712524414,48.7489852905273
"2020-06-18",85.0653457641602,48.9677886962891
"2020-06-19",84.5792388916016,48.6300735473633
"2020-06-22",86.7921295166016,49.5463180541992
"2020-06-23",88.6446762084961,49.9040298461914
"2020-06-24",87.0799713134766,48.7784156799316
"2020-06-25",88.235969543457,49.4032325744629
"2020-06-26",85.5248489379883,48.430233001709
"2020-06-29",87.4959030151367,48.9596481323242
"2020-06-30",88.2262878417969,49.8372650146484
"2020-07-01",88.0594100952148,49.918342590332
"2020-07-02",88.0594100952148,50.209285736084
"2020-07-06",90.4150161743164,51.0868797302246
"2020-07-07",90.1344833374023,50.5526885986328
"2020-07-08",92.2337341308594,51.3778266906738
"2020-07-09",92.6303787231445,51.5638427734375
"2020-07-10",92.7923965454102,51.5495300292969
"2020-07-13",92.3643188476562,50.4811477661133
"2020-07-14",93.8928146362305,51.0630340576172
"2020-07-15",94.5385513305664,51.339672088623
"2020-07-16",93.3752746582031,50.7053070068359
"2020-07-17",93.1866073608398,50.9533386230469
"2020-07-20",95.1504211425781,52.2554206848145
"2020-07-21",93.8371658325195,51.7307739257812
"2020-07-22",94.1007766723633,52.1457405090332
"2020-07-23",89.8176651000977,50.7911720275879
"2020-07-24",89.5951690673828,50.1758880615234
"2020-07-27",91.7185821533203,50.9676475524902
"2020-07-28",90.2118682861328,50.3714332580566
"2020-07-29",91.9410934448242,51.1011810302734
"2020-07-30",93.0535736083984,51.3873634338379
"2020-07-31",102.795257568359,52.6703834533691
"2020-08-03",105.38542175293,53.9677124023438
"2020-08-04",106.089218139648,54.106014251709
"2020-08-05",106.473754882812,54.3063468933105
"2020-08-06",110.188545227051,55.0694770812988
"2020-08-07",107.683319091797,54.2491188049316
"2020-08-10",109.248474121094,54.0964851379395
"2020-08-11",105.999443054199,53.1234893798828
"2020-08-12",109.522285461426,54.3301849365234
"2020-08-13",111.460525512695,54.3540382385254
"2020-08-14",111.361213684082,54.3158798217773
"2020-08-17",111.070449829102,54.6783676147461
"2020-08-18",111.995986938477,54.883472442627
"2020-08-19",112.136528015137,54.8166923522949
"2020-08-20",114.62476348877,55.5464363098145
"2020-08-21",120.53165435791,56.2523307800293
"2020-08-24",121.973258972168,56.7388305664062
"2020-08-25",120.972633361816,57.0249977111816
"2020-08-26",122.617713928223,58.1840057373047
"2020-08-27",121.151931762695,58.2317047119141
"2020-08-28",120.955673217773,58.7420539855957
"2020-08-31",125.05753326416,58.9280624389648
"2020-09-01",130.038940429688,60.0536727905273
"2020-09-02",127.344711303711,60.5878715515137
"2020-09-03",117.149360656738,57.134693145752
"2020-09-04",117.226898193359,56.3381805419922
"2020-09-08",109.338134765625,53.7912292480469
"2020-09-09",113.699234008789,55.5464363098145
"2020-09-10",109.987464904785,54.2920303344727
"2020-09-11",108.543426513672,53.8770904541016
"2020-09-14",111.79972076416,55.0074691772461
"2020-09-15",111.974189758301,55.5512084960938
"2020-09-16",108.669403076172,54.692684173584
"2020-09-17",106.934638977051,54.2395706176758
"2020-09-18",103.542663574219,53.3047370910645
"2020-09-21",106.682693481445,53.7478637695312
"2020-09-22",108.35929107666,54.5987243652344
"2020-09-23",103.814041137695,52.8969955444336
"2020-09-24",104.880081176758,53.1933517456055
"2020-09-25",108.814796447754,54.4648666381836
"2020-09-28",111.412063598633,55.506950378418
"2020-09-29",110.568939208984,55.3205108642578
"2020-09-30",112.235855102539,55.7841835021973
"2020-10-01",113.185600280762,56.3721542358398
"2020-10-02",109.531936645508,54.9428863525391
"2020-10-05",112.904571533203,56.1474800109863
"2020-10-06",109.667625427246,55.2775001525879
"2020-10-07",111.528388977051,56.2908897399902
"2020-10-08",111.42179107666,56.5824699401855
"2020-10-09",113.360038757324,57.447681427002
"2020-10-12",120.560745239258,59.0155601501465
"2020-10-13",117.362602233887,58.6379356384277
"2020-10-14",117.449813842773,58.3272285461426
"2020-10-15",116.98462677002,58.0643157958984
"2020-10-16",115.346771240234,57.8970108032227
"2020-10-19",112.400611877441,56.8358154296875
"2020-10-20",113.88338470459,57.0318069458008
"2020-10-21",113.263145446777,56.9457588195801
"2020-10-22",112.177719116211,56.6780738830566
"2020-10-23",111.489631652832,56.6159439086914
"2020-10-26",111.499320983887,55.3874435424805
"2020-10-27",113.001487731934,55.6646842956543
"2020-10-28",107.768119812012,53.3033027648926
"2020-10-29",111.760955810547,54.1924018859863
"2020-10-30",105.500358581543,52.9925918579102
"2020-11-02",105.413116455078,53.1264343261719
"2020-11-03",107.031593322754,54.0633392333984
"2020-11-04",111.402404785156,56.1666030883789
"2020-11-05",115.356460571289,57.9113464355469
"2020-11-06",115.22541809082,58.1169052124023
"2020-11-09",112.924606323242,57.6962509155273
"2020-11-10",112.584808349609,56.6207160949707
"2020-11-11",116.002082824707,57.9639358520508
"2020-11-12",115.730239868164,57.447681427002
"2020-11-13",115.778785705566,57.9352531433105
"2020-11-16",116.788421630859,58.4945335388184
"2020-11-17",115.904998779297,58.1694831848145
"2020-11-18",114.584663391113,57.5480651855469
"2020-11-19",115.176887512207,58.0117301940918
"2020-11-20",113.914825439453,57.4142150878906
"2020-11-23",110.52668762207,57.3998756408691
"2020-11-24",111.808158874512,58.1981582641602
"2020-11-25",112.643074035645,58.3224449157715
"2020-11-27",113.186729431152,58.6331481933594
"2020-11-30",115.574897766113,59.0251274108887
"2020-12-01",119.137794494629,59.7803802490234
"2020-12-02",119.487274169922,59.6895637512207
"2020-12-03",119.351356506348,59.6513137817383
"2020-12-04",118.681503295898,60.2488441467285
"2020-12-07",120.137710571289,60.4209251403809
"2020-12-08",120.749305725098,60.6169052124023
"2020-12-09",118.225204467773,59.455322265625
"2020-12-10",119.642593383789,59.541374206543
"2020-12-11",118.836822509766,59.4171028137207
"2020-12-14",118.225204467773,59.6322059631348
"2020-12-15",124.147148132324,60.6264762878418
"2020-12-16",124.079200744629,61.0375518798828
"2020-12-17",124.943222045898,61.5203552246094
"2020-12-18",122.962783813477,61.3052520751953
"2020-12-21",124.486938476562,61.3665733337402
"2020-12-22",128.030410766602,61.8984107971191
"2020-12-23",127.137268066406,61.4288711547852
"2020-12-24",128.117767333984,61.8361167907715
"2020-12-28",132.700012207031,62.5356521606445
"2020-12-29",130.933120727539,62.2385787963867
"2020-12-30",129.81672668457,62.2050514221191
"2020-12-31",128.816757202148,62.2960891723633
"2021-01-04",125.632507324219,61.2803344726562
"2021-01-05",127.185760498047,61.6780128479004
"2021-01-06",122.904518127441,60.6143569946289
"2021-01-07",127.098419189453,62.248161315918
"2021-01-08",128.195434570312,62.6506385803223
"2021-01-11",125.215034484863,62.133171081543
"2021-01-12",125.040306091309,61.8361167907715
"2021-01-13",127.069297790527,62.2290077209473
"2021-01-14",125.147102355957,61.682804107666
"2021-01-15",123.428756713867,61.0503463745117
"2021-01-19",124.098617553711,61.8456954956055
"2021-01-20",128.176010131836,63.0722732543945
"2021-01-21",132.874755859375,63.8867797851562
"2021-01-22",135.010528564453,63.6424293518066
"2021-01-25",138.748153686523,64.1742706298828
"2021-01-26",138.981170654297,64.2173461914062
"2021-01-27",137.913192749023,63.0051879882812
"2021-01-28",133.088317871094,63.2639083862305
"2021-01-29",128.108047485352,61.7738227844238
"2021-02-01",130.224472045898,63.3214111328125
"2021-02-02",131.049621582031,64.1790542602539
"2021-02-03",130.0302734375,63.9586181640625
"2021-02-04",133.379531860352,64.9792022705078
"2021-02-05",132.966369628906,64.8354721069336
"2021-02-08",133.112182617188,65.5158462524414
"2021-02-09",132.23713684082,65.4391479492188
"2021-02-10",131.634353637695,65.3433380126953
"2021-02-11",131.381561279297,66.0620269775391
"2021-02-12",131.614944458008,66.4022064208984
"2021-02-16",129.495346069336,66.1865768432617
"2021-02-17",127.210556030273,65.6020584106445
"2021-02-18",126.111930847168,65.2810516357422
"2021-02-19",126.267456054688,65.1852111816406
"2021-02-22",122.504821777344,63.7478370666504
"2021-02-23",122.368690490723,63.5705604553223
"2021-02-24",121.872856140137,64.5431900024414
"2021-02-25",117.633796691895,62.2864952087402
"2021-02-26",117.896293640137,62.6170997619629
"2021-03-01",124.245162963867,64.6342163085938
"2021-03-02",121.649238586426,63.6088905334473
"2021-03-03",118.674133300781,62.0085945129395
"2021-03-04",116.797645568848,60.6383018493652
"2021-03-05",118.051879882812,61.7834091186523
"2021-03-08",113.132225036621,60.2885398864746
"2021-03-09",117.73104095459,62.3391990661621
"2021-03-10",116.651824951172,62.0900650024414
"2021-03-11",118.57691192627,63.4172401428223
"2021-03-12",117.672653198242,62.962085723877
"2021-03-15",120.550582885742,63.6328506469727
"2021-03-16",122.086753845215,64.1119689941406
"2021-03-17",121.299217224121,64.0592651367188
"2021-03-18",117.186561584473,62.2817039489746
"2021-03-19",116.661544799805,62.094856262207
"2021-03-22",119.967231750488,63.3158302307129
"2021-03-23",119.140800476074,62.9221382141113
"2021-03-24",116.758735656738,62.1587066650391
"2021-03-25",117.244903564453,62.1202964782715
"2021-03-26",117.847694396973,63.6999626159668
"2021-03-29",118.022689819336,63.3686408996582
"2021-03-30",116.574028015137,62.7684860229492
"2021-03-31",118.761619567871,63.7671775817871
"2021-04-01",119.588050842285,65.0491333007812
"2021-04-05",122.407600402832,66.3935317993164
"2021-04-06",122.708999633789,66.1102447509766
"2021-04-07",124.352119445801,66.4607543945312
"2021-04-08",126.743873596191,67.421012878418
"2021-04-09",129.310668945312,68.0691986083984
"2021-04-12",127.599479675293,67.7427062988281
"2021-04-13",130.70100402832,68.3812942504883
"2021-04-14",128.367538452148,67.6562881469727
"2021-04-15",130.76904296875,68.8182144165039
"2021-04-16",130.438491821289,68.8038330078125
"2021-04-19",131.099624633789,68.2324676513672
"2021-04-20",129.417602539062,67.6274795532227
"2021-04-21",129.796752929688,68.3092727661133
"2021-04-22",128.280075073242,67.5074462890625
"2021-04-23",130.594024658203,68.5157241821289
"2021-04-26",130.982940673828,68.8662261962891
"2021-04-27",130.662078857422,68.6981887817383
"2021-04-28",129.874542236328,68.0596160888672
"2021-04-29",129.77734375,68.0019912719727
"2021-04-30",127.81339263916,67.075309753418
"2021-05-03",128.863372802734,66.8880767822266
"2021-05-04",124.303504943848,65.6877059936523
"2021-05-05",124.546569824219,65.5292739868164
"2021-05-06",126.141120910645,66.1870651245117
"2021-05-07",126.813079833984,66.7536239624023
"2021-05-10",123.540725708008,65.0683441162109
"2021-05-11",122.625259399414,64.8715057373047
"2021-05-12",119.567176818848,63.0469665527344
"2021-05-13",121.709777832031,63.882396697998
"2021-05-14",124.125068664551,65.289192199707
"2021-05-17",122.975860595703,64.8090591430664
"2021-05-18",121.592926025391,64.2905197143555
"2021-05-19",121.437088012695,64.5161972045898
"2021-05-20",123.988731384277,65.7501525878906
"2021-05-21",122.157791137695,65.3900375366211
"2021-05-24",123.784194946289,66.5519638061523
"2021-05-25",123.589416503906,66.5711669921875
"2021-05-26",123.540725708008,66.5663681030273
"2021-05-27",122.011680603027,66.2158737182617
"2021-05-28",121.359184265137,66.4511489868164
"2021-06-01",121.037788391113,66.1246643066406
"2021-06-02",121.79744720459,66.5807723999023
"2021-06-03",120.317085266113,65.9613876342773
"2021-06-04",122.605773925781,67.2289810180664
"2021-06-07",122.615516662598,67.2145462036133
"2021-06-08",123.433609008789,67.2193603515625
"2021-06-09",123.813430786133,67.2673797607422
"2021-06-10",122.820014953613,67.7619247436523
"2021-06-11",124.027679443359,68.1652526855469
"2021-06-14",127.076019287109,68.8566360473633
"2021-06-15",126.257934570312,68.4341201782227
"2021-06-16",126.75464630127,68.0644073486328
"2021-06-17",128.351837158203,68.8518218994141
"2021-06-18",127.056564331055,68.2228469848633
"2021-06-21",128.848541259766,68.9540100097656
"2021-06-22",130.484710693359,69.5793075561523
"2021-06-23",130.211990356445,69.5023574829102
"2021-06-24",129.929611206055,69.9400863647461
"2021-06-25",129.637435913086,69.8583145141602
"2021-06-28",131.26383972168,70.5894622802734
"2021-06-29",132.7734375,71.1041488647461
"2021-06-30",133.387023925781,71.0271987915039
"2021-07-01",133.688903808594,71.1474456787109
"2021-07-02",136.308715820312,72.0854339599609
"2021-07-06",138.314987182617,72.359619140625
"2021-07-07",140.798461914062,72.7540512084961
"2021-07-08",139.503143310547,72.0661849975586
"2021-07-09",141.324371337891,72.7299957275391
"2021-07-12",140.730270385742,72.787712097168
"2021-07-13",141.840545654297,73.0859527587891
"2021-07-14",145.258972167969,73.6246871948242
"2021-07-15",144.606491088867,73.0186080932617
"2021-07-16",142.570999145508,72.2970657348633
"2021-07-19",138.733734130859,71.3013534545898
"2021-07-20",142.337219238281,72.359619140625
"2021-07-21",141.606781005859,73.0570983886719
"2021-07-22",142.970291137695,73.595817565918
"2021-07-23",144.684371948242,74.3269805908203
"2021-07-26",145.103134155273,74.2884979248047
"2021-07-27",142.941040039062,73.5861892700195
"2021-07-28",141.197769165039,73.4948120117188
"2021-07-29",141.840545654297,73.8363418579102
"2021-07-30",142.054763793945,73.7882308959961
"2021-08-02",141.723663330078,73.5236892700195
"2021-08-03",143.515640258789,73.9950866699219
"2021-08-04",143.11637878418,74.1441802978516
"2021-08-05",143.223495483398,74.5530548095703
"2021-08-06",142.540740966797,74.4905242919922
"2021-08-09",142.491943359375,74.2500152587891
"2021-08-10",142.014053344727,73.7160720825195
"2021-08-11",142.267654418945,73.7257080078125
"2021-08-12",145.223068237305,74.1489791870117
"2021-08-13",145.427841186523,74.5530548095703
"2021-08-16",147.398101806641,74.8897705078125
"2021-08-17",146.490982055664,74.2692565917969
"2021-08-18",142.755279541016,73.2446823120117
"2021-08-19",143.086944580078,73.9614105224609
"2021-08-20",144.540252685547,74.913818359375
"2021-08-23",146.022857666016,75.8806610107422
"2021-08-24",145.935012817383,75.7941055297852
"2021-08-25",144.706069946289,75.7507705688477
"2021-08-26",143.906265258789,75.2745819091797
"2021-08-27",144.940155029297,76.0009307861328
"2021-08-30",149.348831176758,76.8186492919922
"2021-08-31",148.090606689453,76.4145889282227
"2021-09-01",148.753860473633,76.4338302612305
"2021-09-02",149.865768432617,76.3520660400391
"2021-09-03",150.499801635742,76.6551132202148
"2021-09-07",152.830932617188,76.6743621826172
"2021-09-08",151.289825439453,76.3809356689453
"2021-09-09",150.275436401367,76.0923233032227
"2021-09-10",145.301071166992,75.341926574707
"2021-09-13",145.866729736328,75.365966796875
"2021-09-14",144.471969604492,75.269775390625
"2021-09-15",145.35954284668,75.9287796020508
"2021-09-16",145.125457763672,75.9720458984375
"2021-09-17",142.462753295898,74.7887496948242
"2021-09-20",139.419509887695,73.4265365600586
"2021-09-21",139.897476196289,73.455436706543
"2021-09-22",142.257919311523,74.4625396728516
"2021-09-23",143.213775634766,75.4599914550781
"2021-09-24",143.301513671875,75.5130157470703
"2021-09-27",141.789688110352,74.7805557250977
"2021-09-28",138.414916992188,72.5639877319336
"2021-09-29",139.312271118164,72.4724273681641
"2021-09-30",138.015014648438,71.9520111083984
"2021-10-01",139.136703491211,73.0362167358398
"2021-10-04",135.713134765625,71.3448486328125
"2021-10-05",137.63459777832,72.3616104125977
"2021-10-06",138.502716064453,72.8338241577148
"2021-10-07",139.760925292969,73.4988021850586
"2021-10-08",139.380554199219,73.2241592407227
"2021-10-11",139.292770385742,72.8193893432617
"2021-10-12",138.024765014648,72.4435195922852
"2021-10-13",137.439544677734,72.886833190918
"2021-10-14",140.219329833984,74.5299987792969
"2021-10-15",141.272750854492,75.1275024414062
"2021-10-18",142.940612792969,75.7635498046875
"2021-10-19",145.096221923828,76.515266418457
"2021-10-20",145.583892822266,76.3032608032227
"2021-10-21",145.798461914062,76.5971984863281
"2021-10-22",145.027954101562,76.3321762084961
"2021-10-25",144.979141235352,76.5827331542969
"2021-10-26",145.642486572266,76.7995910644531
"2021-10-27",145.184005737305,76.7321243286133
"2021-10-28",148.812362670898,77.5030746459961
"2021-10-29",146.110580444336,77.835563659668
"2021-11-01",145.291305541992,77.7199325561523
"2021-11-02",146.325164794922,78.404167175293
"2021-11-03",147.758987426758,78.861946105957
"2021-11-04",147.242034912109,80.0955505371094
"2021-11-05",147.769470214844,80.5099258422852
"2021-11-08",146.948989868164,80.943603515625
"2021-11-09",147.310394287109,80.6111145019531
"2021-11-10",144.487503051758,79.2811813354492
"2021-11-11",144.438583374023,79.652214050293
"2021-11-12",146.509460449219,80.6207427978516
"2021-11-15",146.519180297852,80.5388336181641
"2021-11-16",147.495971679688,81.3869247436523
"2021-11-17",149.92822265625,81.1411743164062
"2021-11-18",154.20654296875,81.9507217407227
"2021-11-19",156.824371337891,82.5482177734375
"2021-11-22",157.283432006836,81.6278457641602
"2021-11-23",157.664398193359,81.4399185180664
"2021-11-24",158.18212890625,82.0326232910156
"2021-11-26",153.171173095703,79.9847030639648
"2021-11-29",156.521591186523,81.9844360351562
"2021-11-30",161.464157104492,81.3001861572266
"2021-12-01",160.946487426758,80.1870727539062
"2021-12-02",159.959915161133,80.9243469238281
"2021-12-03",158.084426879883,79.5703048706055
"2021-12-06",161.483703613281,80.3268280029297
"2021-12-07",167.207717895508,83.1312866210938
"2021-12-08",171.017211914062,83.5119552612305
"2021-12-09",170.50927734375,82.6108703613281
"2021-12-10",175.285781860352,84.2684783935547
"2021-12-13",171.661895751953,83.0156326293945
"2021-12-14",170.284637451172,81.6519622802734
"2021-12-15",175.139282226562,83.815544128418
"2021-12-16",168.262619018555,81.4399185180664
"2021-12-17",167.16862487793,80.8954238891602
"2021-12-20",165.810882568359,79.933235168457
"2021-12-21",168.975708007812,81.9560852050781
"2021-12-22",171.564224243164,83.0278549194336
"2021-12-23",172.189361572266,83.4913177490234
"2021-12-27",176.145385742188,85.2823944091797
"2021-12-28",175.129470825195,84.838249206543
"2021-12-29",175.217407226562,84.9106674194336
"2021-12-30",174.064819335938,84.3506622314453
"2021-12-31",173.449417114258,83.9402923583984
"2022-01-03",177.786407470703,84.7368850708008
"2022-01-04",175.529998779297,83.8389282226562
"2022-01-05",170.860916137695,81.2608795166016
"2022-01-06",168.008682250977,80.8505401611328
"2022-01-07",168.174713134766,80.1070404052734
"2022-01-10",168.194229125977,80.1215438842773
"2022-01-11",171.017211914062,81.0822525024414
"2022-01-12",171.456756591797,81.4636535644531
"2022-01-13",168.194229125977,79.3539199829102
"2022-01-14",169.053848266602,80.0249710083008
"2022-01-18",165.859725952148,78.1035232543945
"2022-01-19",162.372543334961,77.0124588012695
"2022-01-20",160.692474365234,76.0179138183594
"2022-01-21",158.641220092773,74.5068435668945
"2022-01-24",157.869567871094,74.8930740356445
"2022-01-25",156.072250366211,73.1599197387695
"2022-01-26",155.984344482422,73.5895767211914
"2022-01-27",155.525238037109,73.082649230957
"2022-01-28",166.37744140625,76.2786331176758
"2022-01-31",170.724136352539,78.1952438354492
"2022-02-01",170.558135986328,78.3980102539062
"2022-02-02",171.759582519531,79.0353012084961
"2022-02-03",168.887786865234,76.7420959472656
"2022-02-04",168.604156494141,77.0510787963867
"2022-02-07",167.890213012695,76.5393371582031
"2022-02-08",170.990570068359,77.4855651855469
"2022-02-09",172.408737182617,79.2042617797852
"2022-02-10",168.340072631836,77.1331329345703
"2022-02-11",164.936508178711,74.7771987915039
"2022-02-14",165.171264648438,74.7530670166016
"2022-02-15",168.995376586914,76.7179641723633
"2022-02-16",168.760650634766,76.6407165527344
"2022-02-17",165.171264648438,74.3475341796875
"2022-02-18",163.625961303711,73.5943984985352
"2022-02-22",160.711410522461,72.913703918457
"2022-02-23",156.554748535156,71.0887832641602
"2022-02-24",159.166091918945,73.5171432495117
"2022-02-25",161.229751586914,74.5164947509766
"2022-02-28",161.49382019043,74.3813247680664
"2022-03-01",159.615982055664,72.8943786621094
"2022-03-02",162.902221679688,74.4730606079102
"2022-03-03",162.579406738281,73.5847625732422
"2022-03-04",159.586654663086,72.2957305908203
"2022-03-07",155.801620483398,69.6501159667969
"2022-03-08",153.982482910156,69.3121948242188
"2022-03-09",159.371459960938,72.0543441772461
"2022-03-10",155.038772583008,70.7942886352539
"2022-03-11",151.332000732422,69.5487365722656
"2022-03-14",147.312240600586,68.2597274780273
"2022-03-15",151.684097290039,70.5529098510742
"2022-03-16",156.08528137207,72.846076965332
"2022-03-17",157.092636108398,73.362678527832
"2022-03-18",160.378860473633,74.8641052246094
"2022-03-21",161.748123168945,74.7219161987305
"2022-03-22",165.112594604492,75.7956619262695
"2022-03-23",166.472061157227,74.630012512207
"2022-03-24",170.247283935547,76.5695266723633
"2022-03-25",170.883010864258,76.5259857177734
"2022-03-28",171.743682861328,77.435302734375
"2022-03-29",175.029922485352,79.0797576904297
"2022-03-30",173.866027832031,78.0253524780273
"2022-03-31",170.775436401367,76.869384765625
"2022-04-01",170.482009887695,76.6420593261719
"2022-04-04",174.521301269531,78.0979080200195
"2022-04-05",171.215515136719,76.4534454345703
"2022-04-06",168.056488037109,74.6445159912109
"2022-04-07",168.359664916992,74.7606048583984
"2022-04-08",166.354675292969,73.7158660888672
"2022-04-11",162.109985351562,71.8586120605469
"2022-04-12",163.97802734375,71.5393676757812
"2022-04-13",166.657852172852,72.6904907226562
"2022-04-14",161.660079956055,70.9251022338867
"2022-04-18",161.444915771484,71.1572647094727
"2022-04-19",163.723770141602,72.4921798706055
"2022-04-20",163.557479858398,72.4244842529297
"2022-04-21",162.765274047852,71.1959609985352
"2022-04-22",158.236907958984,69.2032775878906
"2022-04-25",159.303009033203,70.2431335449219
"2022-04-26",153.356536865234,67.6264877319336
"2022-04-27",153.131622314453,68.6277008056641
"2022-04-28",160.046340942383,71.3749313354492
"2022-04-29",154.187850952148,68.4003601074219
"2022-05-02",154.491073608398,69.4402694702148
"2022-05-03",155.977691650391,69.561164855957
"2022-05-04",162.374069213867,72.0036849975586
"2022-05-05",153.327194213867,68.5406341552734
"2022-05-06",154.052017211914,67.9892501831055
"2022-05-09",148.939163208008,65.3580780029297
"2022-05-10",151.3388671875,66.3544540405273
"2022-05-11",143.493240356445,64.2601623535156
"2022-05-12",139.634124755859,63.5975456237793
"2022-05-13",144.090698242188,65.7111587524414
"2022-05-16",142.552932739258,65.1307678222656
"2022-05-17",146.177032470703,67.01708984375
"2022-05-18",137.929840087891,63.9506072998047
"2022-05-19",134.531051635742,63.2493057250977
"2022-05-20",134.766128540039,63.3895606994629
"2022-05-23",140.172836303711,64.8453979492188
"2022-05-24",137.479293823242,63.8829154968262
"2022-05-25",137.635971069336,64.6277542114258
"2022-05-26",140.829071044922,66.1803207397461
"2022-05-27",146.568832397461,68.4196929931641
"2022-05-31",145.785217285156,67.9311904907227
"2022-06-01",145.657897949219,67.7280349731445
"2022-06-02",148.106597900391,69.3676910400391
"2022-06-03",142.396270751953,67.7087173461914
"2022-06-06",143.140640258789,67.7135620117188
"2022-06-07",145.657897949219,68.5212631225586
"2022-06-08",144.923278808594,67.7474212646484
"2022-06-09",139.712478637695,65.9384765625
"2022-06-10",134.315582275391,63.4040603637695
"2022-06-13",129.173309326172,60.5939598083496
"2022-06-14",130.035263061523,60.9760551452637
"2022-06-15",132.650482177734,62.2626152038574
"2022-06-16",127.390663146973,59.7281913757324
"2022-06-17",128.859878540039,60.2747344970703
"2022-06-21",133.081451416016,61.8085632324219
"2022-06-22",132.572113037109,61.546688079834
"2022-06-23",135.432144165039,62.4680519104004
"2022-06-24",138.752593994141,64.7132568359375
"2022-06-27",138.752593994141,64.2768249511719
"2022-06-28",134.619201660156,62.3516616821289
"2022-06-29",136.372467041016,62.4777565002441
"2022-06-30",133.914016723633,61.643684387207
"2022-07-01",136.07861328125,61.7843017578125
"2022-07-05",138.654632568359,62.5601806640625
"2022-07-06",139.986724853516,63.098461151123
"2022-07-07",143.346343994141,64.4029159545898
"2022-07-08",144.022125244141,64.431999206543
"2022-07-11",141.896728515625,63.5445747375488
"2022-07-12",142.866409301758,62.6765785217285
"2022-07-13",142.504043579102,62.5117034912109
"2022-07-14",145.422821044922,63.0839080810547
"2022-07-15",147.087936401367,64.1943969726562
"2022-07-18",144.051605224609,63.5736885070801
"2022-07-19",147.900909423828,65.5133972167969
"2022-07-20",149.899047851562,66.5365829467773
"2022-07-21",152.16162109375,67.4724731445312
"2022-07-22",150.927474975586,66.5414352416992
"2022-07-25",149.810852050781,66.1195373535156
"2022-07-26",148.488616943359,65.0478515625
"2022-07-27",153.572052001953,67.8458557128906
"2022-07-28",154.120590209961,68.8787612915039
"2022-07-29",159.174682617188,69.9359130859375
"2022-08-01",158.195159912109,69.7855834960938
"2022-08-02",156.725952148438,69.2909622192383
"2022-08-03",162.72038269043,71.133674621582
"2022-08-04",162.406951904297,71.4585723876953
"2022-08-05",162.181335449219,71.2936859130859
"2022-08-08",161.710540771484,70.6875305175781
"2022-08-09",161.759582519531,69.9795532226562
"2022-08-10",165.996826171875,71.89013671875
"2022-08-11",165.261154174805,71.6089019775391
"2022-08-12",168.801986694336,73.0345993041992
"2022-08-15",169.87109375,73.4952545166016
"2022-08-16",169.714141845703,73.2964401245117
"2022-08-17",171.205032348633,72.7727203369141
"2022-08-18",170.812713623047,73.1509704589844
"2022-08-19",168.233123779297,71.8222351074219
"2022-08-22",164.358795166016,69.8195190429688
"2022-08-23",164.025299072266,69.6352462768555
"2022-08-24",164.319595336914,69.6788787841797
"2022-08-25",166.77165222168,70.8572616577148
"2022-08-26",160.484512329102,67.8313293457031
"2022-08-29",158.287445068359,66.9342269897461
"2022-08-30",155.86474609375,66.2359237670898
"2022-08-31",154.207153320312,65.5909576416016
"2022-09-01",154.932983398438,65.2709197998047
"2022-09-02",152.824142456055,64.4223098754883
"2022-09-06",151.568695068359,63.9955558776855
"2022-09-07",152.971298217773,65.0187759399414
"2022-09-08",151.500061035156,65.241813659668
"2022-09-09",154.354278564453,66.5317153930664
"2022-09-12",160.298126220703,67.5985488891602
"2022-09-13",150.891906738281,64.0101165771484
"2022-09-14",152.333755493164,64.2428665161133
"2022-09-15",149.450088500977,62.7638473510742
"2022-09-16",147.812118530273,62.4147109985352
"2022-09-19",151.519622802734,62.9236755371094
"2022-09-20",153.893280029297,62.5542259216309
"2022-09-21",150.774215698242,61.5771255493164
"2022-09-22",149.812973022461,60.9500160217285
"2022-09-23",147.547271728516,60.1527786254883
"2022-09-26",147.880737304688,59.7347221374512
"2022-09-27",148.851745605469,59.8124961853027
"2022-09-28",146.968551635742,60.4444618225098
"2022-09-29",139.749588012695,58.8694229125977
"2022-09-30",135.551635742188,57.7416191101074
"2022-10-03",139.720199584961,59.5305442810059
"2022-10-04",143.300247192383,61.5285148620605
"2022-10-05",143.594482421875,61.7326774597168
"2022-10-06",142.643096923828,61.2271194458008
"2022-10-07",137.405395507812,58.7090034484863
"2022-10-10",137.729095458984,57.72216796875
"2022-10-11",136.316696166992,56.8374290466309
"2022-10-12",135.688949584961,56.6624221801758
"2022-10-13",140.24983215332,58.4221839904785
"2022-10-14",135.728164672852,56.7790946960449
"2022-10-17",139.680938720703,58.5096893310547
"2022-10-18",140.995223999023,59.0055351257324
"2022-10-19",141.103164672852,58.8353881835938
"2022-10-20",140.642181396484,58.8694229125977
"2022-10-21",144.447830200195,60.4444618225098
"2022-10-24",146.586029052734,61.2805938720703
"2022-10-25",149.420639038086,62.4521446228027
"2022-10-26",146.487930297852,61.0618286132812
"2022-10-27",142.025100708008,60.3666725158691
"2022-10-28",152.755508422852,62.9917411804199
"2022-10-31",150.401489257812,62.1604766845703
"2022-11-01",147.763061523438,61.6403198242188
"2022-11-02",142.250762939453,59.5111045837402
"2022-11-03",136.218597412109,57.7610664367676
"2022-11-04",135.953323364258,58.8159523010254
"2022-11-07",136.48388671875,59.7979164123535
"2022-11-08",137.053695678711,60.3715476989746
"2022-11-09",132.504867553711,58.8013687133789
"2022-11-10",144.294448852539,63.6334037780762
"2022-11-11",147.074813842773,64.7223434448242
"2022-11-14",145.679718017578,64.1681594848633
"2022-11-15",147.408874511719,64.9459686279297
"2022-11-16",146.180770874023,64.0563354492188
"2022-11-17",148.076950073242,64.1389923095703
"2022-11-18",148.636932373047,64.2119064331055
"2022-11-21",145.414443969727,63.5216178894043
"2022-11-22",147.546417236328,64.7515106201172
"2022-11-23",148.420776367188,65.3251266479492
"2022-11-25",145.512710571289,64.9459686279297
"2022-11-28",141.690902709961,63.5556449890137
"2022-11-29",138.694412231445,62.933406829834
"2022-11-30",145.434112548828,66.0932006835938
"2022-12-01",145.709243774414,66.1855697631836
"2022-12-02",145.217956542969,65.8015213012695
"2022-12-05",144.058670043945,64.7077484130859
"2022-12-06",140.403884887695,63.3222923278809
"2022-12-07",138.468460083008,63.0014610290527
"2022-12-08",140.148468017578,64.0320434570312
"2022-12-09",139.667068481445,63.6382789611816
"2022-12-12",141.956161499023,65.0285949707031
"2022-12-13",142.918991088867,65.7966766357422
"2022-12-14",140.698669433594,65.2424926757812
"2022-12-15",134.106323242188,62.8021507263184
"2022-12-16",132.151184082031,61.9708862304688
"2022-12-19",130.048721313477,61.1445388793945
"2022-12-20",129.979949951172,61.2371673583984
"2022-12-21",133.07470703125,62.2512016296387
"2022-12-22",129.911163330078,60.6813926696777
"2022-12-23",129.547668457031,60.7447662353516
"2022-12-27",127.749771118164,60.1695022583008
"2022-12-28",123.829727172852,59.1993370056152
"2022-12-29",127.337104797363,60.7496566772461
"2022-12-30",127.651504516602,60.6667785644531
"2023-01-03",122.876739501953,60.0914993286133
"2023-01-04",124.144142150879,60.247501373291
"2023-01-05",122.827613830566,59.0774612426758
"2023-01-06",127.346923828125,60.8081474304199
"2023-01-09",127.867683410645,61.5150451660156
"2023-01-10",128.437454223633,61.8953094482422
"2023-01-11",131.149078369141,62.9678611755371
"2023-01-12",131.070526123047,63.4358749389648
"2023-01-13",132.39680480957,63.6162605285645
"2023-01-17",133.55615234375,63.9038925170898
"2023-01-18",132.838897705078,63.0799980163574
"2023-01-19",132.897872924805,62.3438377380371
"2023-01-20",135.452255249023,64.0306396484375
"2023-01-23",138.635498046875,65.4883499145508
"2023-01-24",140.030548095703,65.4590682983398
"2023-01-25",139.372314453125,65.3225708007812
"2023-01-26",141.435501098633,66.3658599853516
"2023-01-27",143.370910644531,66.6437454223633
"2023-01-30",140.492324829102,65.3713226318359
"2023-01-31",141.759674072266,66.2829818725586
"2023-02-01",142.879730224609,67.8430480957031
"2023-02-02",148.175155639648,69.6956100463867
"2023-02-03",151.790634155273,69.1154556274414
"2023-02-06",149.069259643555,68.2720489501953
"2023-02-07",151.93798828125,69.9783554077148
"2023-02-08",149.255874633789,69.1349563598633
"2023-02-09",148.22428894043,68.7547149658203
"2023-02-10",148.588348388672,68.4378128051758
"2023-02-13",151.382843017578,69.6224822998047
"2023-02-14",150.743240356445,69.9198684692383
"2023-02-15",152.839096069336,70.2465057373047
"2023-02-16",151.245071411133,69.027717590332
"2023-02-17",150.10368347168,68.1648025512695
"2023-02-21",146.098983764648,66.5462417602539
"2023-02-22",146.522064208984,66.44873046875
"2023-02-23",147.004211425781,67.5505294799805
"2023-02-24",144.357330322266,66.3463516235352
"2023-02-27",145.547927856445,66.7022552490234
"2023-02-28",145.046096801758,66.5559844970703
"2023-03-01",142.979766845703,66.0684814453125
"2023-03-02",143.570159912109,66.8826522827148
"2023-03-03",148.60807800293,68.3208084106445
"2023-03-06",151.363128662109,68.6474304199219
"2023-03-07",149.168914794922,67.7942733764648
"2023-03-08",150.418518066406,68.3549423217773
"2023-03-09",148.175079345703,67.3750152587891
"2023-03-10",146.118591308594,66.1903686523438
"2023-03-13",148.057052612305,66.5511093139648
"2023-03-14",150.143035888672,68.086799621582
"2023-03-15",150.536636352539,68.1257934570312
"2023-03-16",153.350769042969,70.0368804931641
"2023-03-17",152.514404296875,69.9393692016602
"2023-03-20",154.875915527344,70.1279602050781
"2023-03-21",156.725784301758,70.6947402954102
"2023-03-22",155.299011230469,69.9911651611328
"2023-03-23",156.381378173828,71.1295776367188
"2023-03-24",157.680191040039,71.3152465820312
"2023-03-27",155.741821289062,70.7631378173828
"2023-03-28",155.121887207031,70.4308929443359
"2023-03-29",158.191833496094,71.9064483642578
"2023-03-30",159.756362915039,72.7419357299805
"2023-03-31",162.255615234375,73.7826385498047
"2023-04-03",163.505294799805,73.6653900146484
"2023-04-04",162.973922729492,73.2598266601562
"2023-04-05",161.133911132812,72.4243545532227
"2023-04-06",162.019470214844,72.8347778320312
"2023-04-10",159.431655883789,72.7956848144531
"2023-04-11",158.221389770508,72.1116638183594
"2023-04-12",157.532623291016,71.7012557983398
"2023-04-13",162.905059814453,73.0351104736328
"2023-04-14",162.560699462891,72.6295700073242
"2023-04-17",162.580337524414,72.8934020996094
"2023-04-18",163.80046081543,73.1181564331055
"2023-04-19",164.941864013672,72.9080657958984
"2023-04-20",163.977554321289,72.4292373657227
"2023-04-21",162.373718261719,72.194709777832
"2023-04-24",162.678771972656,71.8771438598633
"2023-04-25",161.143768310547,70.3429412841797
"2023-04-26",161.133911132812,71.3885345458984
"2023-04-27",165.709365844727,72.9031982421875
"2023-04-28",166.958999633789,73.694709777832
"2023-05-01",166.87043762207,73.7386703491211
"2023-05-02",165.837249755859,73.0497360229492
"2023-05-03",164.764755249023,72.4341278076172
"2023-05-04",163.13134765625,72.0872344970703
"2023-05-05",170.786605834961,73.8950271606445
"2023-05-08",170.717712402344,73.8559341430664
"2023-05-09",169.015487670898,73.2891693115234
"2023-05-10",170.776748657227,74.1833038330078
"2023-05-11",170.963714599609,73.8510589599609
"2023-05-12",170.037506103516,73.7533264160156
"2023-05-15",169.544845581055,74.3640747070312
"2023-05-16",169.544845581055,74.4422607421875
"2023-05-17",170.155731201172,75.4341125488281
"2023-05-18",172.48112487793,76.9780654907227
"2023-05-19",172.589508056641,76.94384765625
"2023-05-22",171.6435546875,77.0904235839844
"2023-05-23",169.04231262207,75.952018737793
"2023-05-24",169.318206787109,75.3950119018555
"2023-05-25",170.45133972168,78.2874908447266
"2023-05-26",172.855545043945,80.5106048583984
"2023-05-30",174.698104858398,80.9405670166016
"2023-05-31",174.648864746094,80.2663040161133
"2023-06-01",177.447174072266,81.0822601318359
"2023-06-02",178.294555664062,81.5464096069336
"2023-06-05",176.944641113281,81.0773620605469
"2023-06-06",176.580093383789,81.0578231811523
"2023-06-07",175.210479736328,79.8460998535156
"2023-06-08",177.920120239258,80.7109069824219
"2023-06-09",178.304382324219,81.1115646362305
"2023-06-12",181.092834472656,82.8753890991211
"2023-06-13",180.619857788086,83.3786239624023
"2023-06-14",181.250518798828,84.2385787963867
"2023-06-15",183.280258178711,85.3232498168945
"2023-06-16",182.206283569336,84.6196746826172
"2023-06-20",182.294937133789,84.0478057861328
"2023-06-21",181.260330200195,82.8041763305664
"2023-06-22",184.255722045898,83.4798431396484
"2023-06-23",183.940414428711,82.5740585327148
"2023-06-26",182.551132202148,81.9816131591797
"2023-06-27",185.300186157227,83.5973587036133
"2023-06-28",186.472717285156,83.6463241577148
"2023-06-29",186.807723999023,83.793212890625
"2023-06-30",191.123458862305,85.1249771118164
"2023-07-03",189.635650634766,84.9438095092773
"2023-07-05",188.522186279297,84.4199142456055
"2023-07-06",188.995147705078,84.1946716308594
"2023-07-07",187.881713867188,83.8274765014648
"2023-07-10",185.842132568359,84.0478057861328
"2023-07-11",185.319885253906,84.2289581298828
"2023-07-12",186.985092163086,85.183708190918
"2023-07-13",187.743789672852,86.2951431274414
"2023-07-14",187.891586303711,86.1678466796875
"2023-07-17",191.143173217773,87.2694778442383
"2023-07-18",190.886962890625,88.2585144042969
"2023-07-19",192.236892700195,88.0381927490234
"2023-07-20",190.295776367188,86.2804641723633
"2023-07-21",189.123260498047,86.2363815307617
"2023-07-24",189.921356201172,86.3881683349609
"2023-07-25",190.778594970703,87.3771896362305
"2023-07-26",191.645690917969,86.2021255493164
"2023-07-27",190.384460449219,85.9524154663086
"2023-07-28",192.956161499023,87.1226043701172
"2023-07-31",193.567047119141,87.3233413696289
"2023-08-01",192.739395141602,87.4702377319336
"2023-08-02",189.753875732422,85.3061218261719
"2023-08-03",188.364501953125,84.95849609375
"2023-08-04",179.319274902344,83.8030014038086
"2023-08-07",176.225341796875,84.0380172729492
"2023-08-08",177.161392211914,83.391716003418
"2023-08-09",175.575057983398,82.314567565918
"2023-08-10",175.358245849609,82.3243560791016
"2023-08-11",175.417434692383,81.7172241210938
"2023-08-14",177.065185546875,83.0196075439453
"2023-08-15",175.081970214844,82.2019424438477
"2023-08-16",174.213760375977,81.4185485839844
"2023-08-17",171.678039550781,80.6449661254883
"2023-08-18",172.161529541016,80.7673721313477
"2023-08-21",173.493499755859,82.3096694946289
"2023-08-22",174.864929199219,82.2166290283203
"2023-08-23",178.702987670898,83.7001876831055
"2023-08-24",174.026245117188,81.7710571289062
"2023-08-25",176.226547241211,82.6034317016602
"2023-08-28",177.785461425781,83.2791061401367
"2023-08-29",181.662979125977,84.9486999511719
"2023-08-30",185.145874023438,85.5901031494141
"2023-08-31",185.362945556641,86.0062942504883
"2023-09-01",186.931747436523,86.2706680297852
"2023-09-05",187.168518066406,86.5791397094727
"2023-09-06",180.469146728516,85.6635360717773
"2023-09-07",175.190521240234,84.4248046875
"2023-09-08",175.802215576172,84.6010513305664
"2023-09-11",176.966506958008,85.0417327880859
"2023-09-12",173.947341918945,83.4994277954102
"2023-09-13",171.885223388672,83.7099761962891
"2023-09-14",173.394821166992,84.3170928955078
"2023-09-15",172.674560546875,82.6964569091797
"2023-09-18",175.59504699707,83.0939025878906
"2023-09-19",176.680358886719,83.0497512817383
"2023-09-20",173.148193359375,81.7445755004883
"2023-09-21",171.608963012695,80.4982757568359
"2023-09-22",172.457504272461,80.6700210571289
"2023-09-25",173.730285644531,80.9300842285156
"2023-09-26",169.665283203125,79.4728012084961
"2023-09-27",168.155639648438,79.5954742431641
"2023-09-28",168.412216186523,80.1597213745117
"2023-09-29",168.92529296875,80.4345016479492
"2023-10-02",171.431365966797,81.2980575561523
"2023-10-03",170.099380493164,79.9193115234375
"2023-10-04",171.342575073242,80.9153594970703
"2023-10-05",172.575866699219,81.0233001708984
"2023-10-06",175.121475219727,82.5394439697266
"2023-10-09",176.601440429688,82.9663314819336
"2023-10-10",176.009460449219,83.0939025878906
"2023-10-11",177.400619506836,83.8642425537109
"2023-10-12",178.29850769043,83.942741394043
"2023-10-13",176.463317871094,82.7406158447266
"2023-10-16",176.335021972656,83.5354843139648
"2023-10-17",174.785995483398,83.1478729248047
"2023-10-18",173.493499755859,82.2940979003906
"2023-10-19",173.118576049805,81.8230819702148
"2023-10-20",170.572982788086,80.4393997192383
"2023-10-23",170.691390991211,80.5326385498047
"2023-10-24",171.125503540039,81.0870819091797
"2023-10-25",168.81672668457,80.1302795410156
"2023-10-26",164.66291809082,78.5994186401367
"2023-10-27",165.975158691406,79.0557403564453
"2023-10-30",168.017532348633,79.9045867919922
"2023-10-31",168.491134643555,80.4737548828125
"2023-11-01",171.648468017578,82.0291442871094
"2023-11-02",175.200424194336,83.4177398681641
"2023-11-03",174.292663574219,84.2764053344727
"2023-11-06",176.838241577148,84.8308639526367
"2023-11-07",179.393676757812,85.7582015991211
"2023-11-08",180.449432373047,86.2439651489258
"2023-11-09",179.975814819336,85.8416061401367
"2023-11-10",184.154846191406,88.0839462280273
"2023-11-13",182.574111938477,87.5687561035156
"2023-11-14",185.182342529297,89.3204193115234
"2023-11-15",185.745498657227,89.4332656860352
"2023-11-16",187.424987792969,89.8797607421875
"2023-11-17",187.405227661133,89.6933364868164
"2023-11-20",189.143997192383,90.9935836791992
"2023-11-21",188.343811035156,90.2575912475586
"2023-11-22",189.005722045898,90.6599273681641
"2023-11-24",187.681869506836,90.4833068847656
"2023-11-27",187.504028320312,90.478385925293
"2023-11-28",188.106658935547,90.6501235961914
"2023-11-29",187.089065551758,90.7188186645508
"2023-11-30",187.662094116211,90.8512878417969
"2023-12-01",188.936553955078,91.0573654174805
"2023-12-04",187.148361206055,89.948486328125
"2023-12-05",191.090316772461,90.4881896972656
"2023-12-06",190.003540039062,89.722770690918
"2023-12-07",191.930053710938,90.8120346069336
"2023-12-08",193.352722167969,91.5872802734375
"2023-12-11",190.85319519043,92.387077331543
"2023-12-12",192.364761352539,93.0004043579102
"2023-12-13",195.575653076172,93.8198089599609
"2023-12-14",195.72380065918,93.5891952514648
"2023-12-15",195.190307617188,94.0602264404297
"2023-12-18",193.530563354492,94.3415298461914
"2023-12-19",194.567916870117,94.7004852294922
"2023-12-20",192.483322143555,93.2695083618164
"2023-12-21",192.33512878418,94.3169326782227
"2023-12-22",191.268127441406,94.4398498535156
"2023-12-26",190.724746704102,94.8332595825195
"2023-12-27",190.82356262207,94.8283386230469
"2023-12-28",191.248382568359,94.9414520263672
"2023-12-29",190.211029052734,94.6513137817383
"2024-01-02",183.404022216797,92.1729125976562
"2024-01-03",182.03076171875,91.2336807250977
"2024-01-04",179.718933105469,90.5649108886719
"2024-01-05",178.99772644043,90.5403213500977
"2024-01-08",183.324951171875,92.8121795654297
"2024-01-09",182.910018920898,92.9596939086914
"2024-01-10",183.947387695312,93.7514190673828
"2024-01-11",183.354614257812,94.2284164428711
"2024-01-12",183.680633544922,94.5333023071289
"2024-01-16",181.418243408203,94.7693252563477
"2024-01-17",180.479644775391,94.3021774291992
"2024-01-18",186.358016967773,96.2150650024414
"2024-01-19",189.252670288086,98.4328384399414
"2024-01-22",191.554626464844,98.8655853271484
"2024-01-23",192.8291015625,99.2638931274414
"2024-01-24",192.157302856445,99.9474182128906
"2024-01-25",191.831268310547,100.36540222168
"2024-01-26",190.102355957031,99.2098083496094
"2024-01-29",189.420639038086,100.11954498291
"2024-01-30",185.775100708008,99.2933883666992
"2024-01-31",182.178924560547,97.2083969116211
"2024-02-01",184.609329223633,98.4328384399414
"2024-02-02",183.61149597168,99.4507522583008
"2024-02-05",185.419448852539,99.6769485473633
"2024-02-06",187.019927978516,99.2196350097656
"2024-02-07",187.128616333008,100.532600402832
"2024-02-08",186.051727294922,100.847297668457
"2024-02-09",186.813446044922,102.204528808594
"2024-02-12",185.131744384766,101.427574157715
"2024-02-13",183.044509887695,99.7064666748047
"2024-02-14",182.164108276367,100.748970031738
"2024-02-15",181.877243041992,100.537506103516
"2024-02-16",180.343933105469,99.6130218505859
"2024-02-20",179.602020263672,98.6000137329102
"2024-02-21",180.353866577148,97.9804382324219
"2024-02-22",182.381713867188,101.186622619629
"2024-02-23",180.551666259766,100.950584411621
"2024-02-26",179.206390380859,101.048934936523
"2024-02-27",180.660507202148,101.137435913086
"2024-02-28",179.46354675293,100.660461425781
"2024-02-29",178.800796508789,101.781623840332
"2024-03-01",177.722549438477,103.640426635742
"2024-03-04",173.211715698242,103.640426635742
"2024-03-05",168.285400390625,101.093185424805
"2024-03-06",167.296173095703,101.894744873047
"2024-03-07",167.177474975586,103.502746582031
"2024-03-08",168.888824462891,101.963577270508
"2024-03-11",170.88703918457,101.683280944824
"2024-03-12",171.361846923828,103.76830291748
"2024-03-13",169.284484863281,102.647109985352
"2024-03-14",171.134353637695,102.666778564453
"2024-03-15",170.758438110352,101.117767333984
"2024-03-18",171.846603393555,101.614761352539
"2024-03-19",174.181121826172,102.141807556152
"2024-03-20",176.743209838867,103.284553527832
"2024-03-21",169.521926879883,103.358428955078
"2024-03-22",170.422119140625,103.392906188965
"2024-03-25",169.007537841797,102.708251953125
"2024-03-26",167.879837036133,102.284652709961
"2024-03-27",171.441009521484,102.806755065918
"2024-03-28",169.630737304688,102.585121154785
"2024-04-01",168.196380615234,102.870788574219
"2024-04-02",167.01921081543,101.880744934082
"2024-04-03",167.820465087891,102.151649475098
"2024-04-04",166.999450683594,100.536064147949
"2024-04-05",167.751235961914,101.688652038574
"2024-04-08",166.633422851562,101.570442199707
"2024-04-09",167.840270996094,102.08268737793
"2024-04-10",165.970642089844,100.831611633301
"2024-04-11",173.152359008789,102.846153259277
"2024-04-12",174.646087646484,101.181304931641
"2024-04-15",170.827697753906,99.2603378295898
"2024-04-16",167.553405761719,99.3785552978516
"2024-04-17",166.188278198242,97.9452133178711
"2024-04-18",165.238632202148,96.8271102905273
"2024-04-19",163.220626831055,94.8322372436523
"2024-04-22",164.051559448242,95.6794357299805
"2024-04-23",165.100128173828,97.098014831543
"2024-04-24",167.197265625,97.5413131713867
"2024-04-25",168.057876586914,97.3295288085938
"2024-04-26",167.474243164062,98.4279098510742
"2024-04-29",171.628936767578,98.8515167236328
"2024-04-30",168.493133544922,96.6744079589844
"2024-05-01",167.474243164062,95.6843643188477
"2024-05-02",171.164016723633,97.0635452270508
"2024-05-03",181.402420043945,99.7676773071289
"2024-05-06",179.750427246094,100.939949035645
"2024-05-07",180.432983398438,100.609954833984
"2024-05-08",180.769332885742,100.895637512207
"2024-05-09",182.579605102539,100.866081237793
"2024-05-10",181.321594238281,101.240425109863
"2024-05-13",184.521072387695,101.718200683594
"2024-05-14",185.660186767578,102.619590759277
"2024-05-15",187.928604125977,104.929679870605
"2024-05-16",188.047454833984,104.56519317627
"2024-05-17",188.077194213867,104.333679199219
"2024-05-20",189.236099243164,105.560173034668
"2024-05-21",190.533782958984,105.732559204102
"2024-05-22",189.097442626953,105.96898651123
"2024-05-23",185.115417480469,105.107002258301
"2024-05-24",188.186126708984,105.993606567383
"2024-05-28",188.196060180664,106.441848754883
"2024-05-29",188.493209838867,105.767036437988
"2024-05-30",189.483779907227,103.353500366211
"2024-05-31",190.434707641602,103.516036987305
"2024-06-03",192.197906494141,103.77709197998
"2024-06-04",192.514892578125,103.99382019043
"2024-06-05",194.020523071289,106.303916931152
"2024-06-06",192.643661499023,105.949279785156
"2024-06-07",195.030883789062,106.195556640625
"2024-06-10",191.296508789062,106.466468811035
"2024-06-11",205.194000244141,108.446548461914
"2024-06-12",211.058090209961,110.845314025879
"2024-06-13",212.217056274414,111.722068786621
"2024-06-14",210.483581542969,112.140747070312
"2024-06-17",214.624114990234,113.840072631836
"2024-06-18",212.266586303711,113.982894897461
"2024-06-20",207.700119018555,112.702247619629
"2024-06-21",205.530792236328,112.505226135254
"2024-06-24",206.174682617188,109.747001647949
"2024-06-25",207.095901489258,111.760162353516
"2024-06-26",211.236419677734,111.631881713867
"2024-06-27",212.078399658203,111.686164855957
"2024-06-28",208.631240844727,111.626945495605
"2024-07-01",214.703353881836,112.470703125
"2024-07-02",218.190139770508,113.033187866211
"2024-07-03",219.458053588867,114.557861328125
"2024-07-05",224.202819824219,114.908210754395
"2024-07-08",225.668853759766,115.692741394043
"2024-07-09",226.520706176758,115.598999023438
"2024-07-10",230.78010559082,117.276626586914
"2024-07-11",225.42121887207,114.340759277344
"2024-07-12",228.363143920898,115.362152099609
"2024-07-15",232.186706542969,115.569396972656
"2024-07-16",232.602783203125,115.184516906738
"2024-07-17",226.718826293945,110.704246520996
"2024-07-18",222.063217163086,110.714111328125
"2024-07-19",222.191986083984,108.982200622559
"2024-07-22",221.845306396484,111.562797546387
"2024-07-23",222.885360717773,111.118721008301
"2024-07-24",216.476470947266,106.520011901855
"2024-07-25",215.436386108398,105.380226135254
"2024-07-26",215.901962280273,106.717391967773
"2024-07-29",216.179321289062,106.243705749512
"2024-07-30",216.734024047852,103.574279785156
"2024-07-31",219.983047485352,107.960815429688
"2024-08-01",216.298126220703,103.934478759766
"2024-08-02",217.783996582031,101.013412475586
"2024-08-05",207.293991088867,97.6482772827148
"2024-08-06",205.273254394531,98.9755935668945
"2024-08-07",207.838821411133,97.3719635009766
"2024-08-08",211.295837402344,101.008491516113
"2024-08-09",214.198211669922,101.462440490723
"2024-08-12",215.72541809082,102.291404724121
"2024-08-13",219.43440246582,105.43448638916
"2024-08-14",219.880676269531,106.01180267334
"2024-08-15",222.855773925781,109.061141967773
"2024-08-16",224.174743652344,109.243713378906
"2024-08-19",224.016036987305,111.044708251953
"2024-08-20",224.630920410156,110.654884338379
"2024-08-21",224.521835327148,111.306221008301
"2024-08-22",222.667358398438,108.745361328125
"2024-08-23",224.958160400391,110.506874084473
"2024-08-26",225.295349121094,109.12035369873
"2024-08-27",226.138290405273,109.781539916992
"2024-08-28",224.611083984375,108.266738891602
"2024-08-29",227.883712768555,107.289756774902
"2024-08-30",227.100250244141,108.715751647949
"2024-09-03",220.921936035156,103.722320556641
"2024-09-04",219.017883300781,103.455856323242
"2024-09-05",220.535186767578,103.297973632812
"2024-09-06",218.988159179688,100.618675231934
"2024-09-09",219.077377319336,102.266708374023
"2024-09-10",218.283996582031,103.796318054199
"2024-09-11",220.812850952148,107.339096069336
"2024-09-12",220.921936035156,108.227249145508
"2024-09-13",220.654205322266,108.770034790039
"2024-09-16",214.525451660156,108.355560302734
"2024-09-17",214.991546630859,108.143363952637
"2024-09-18",218.859191894531,107.156532287598
"2024-09-19",226.971343994141,110.339111328125
"2024-09-20",226.306884765625,109.80126953125
"2024-09-23",224.591262817383,109.781005859375
"2024-09-24",225.483779907227,110.532363891602
"2024-09-25",224.492065429688,110.84871673584
"2024-09-26",225.632553100586,112.31681060791
"2024-09-27",225.900314331055,111.26887512207
"2024-09-30",231.06706237793,111.595123291016
"2024-10-01",224.333404541016,108.876419067383
"2024-10-02",224.898681640625,109.682159423828
"2024-10-03",223.797882080078,110.136917114258
"2024-10-04",224.918487548828,111.362785339355
"2024-10-07",219.850891113281,110.596618652344
"2024-10-08",223.897064208984,112.66283416748
"2024-10-09",227.635787963867,113.923316955566
"2024-10-10",227.139938354492,113.893669128418
"2024-10-11",225.662292480469,114.09139251709
"2024-10-14",229.38117980957,115.579261779785
"2024-10-15",231.910034179688,113.038497924805
"2024-10-16",229.857177734375,113.389465332031
"2024-10-17",230.22412109375,113.735488891602
"2024-10-18",233.050491333008,114.140823364258
"2024-10-21",234.518188476562,114.674659729004
"2024-10-22",233.9033203125,114.556037902832
"2024-10-23",228.845626831055,112.914924621582
"2024-10-24",228.657241821289,113.246116638184
"2024-10-25",229.490280151367,113.834342956543
"2024-10-28",231.463760375977,113.799743652344
"2024-10-29",231.731521606445,115.332107543945
"2024-10-30",228.191146850586,113.498222351074
"2024-10-31",224.035903930664,109.855163574219
"2024-11-01",221.060775756836,110.680656433105
"2024-11-04",220.168258666992,110.596618652344
"2024-11-05",221.596313476562,112.153694152832
"2024-11-06",220.872344970703,115.34693145752
"2024-11-07",225.592864990234,117.358772277832
"2024-11-08",225.324813842773,117.230247497559
"2024-11-11",222.614486694336,116.582710266113
"2024-11-12",222.614486694336,116.730987548828
"2024-11-13",223.498062133789,116.325660705566
"2024-11-14",226.575744628906,115.930213928223
"2024-11-15",223.378952026367,113.053344726562
"2024-11-18",226.377182006836,113.419120788574
"2024-11-19",226.635299682617,114.348426818848
"2024-11-20",227.350112915039,114.249557495117
"2024-11-21",226.873565673828,115.411178588867
"2024-11-22",228.213836669922,115.470512390137
"2024-11-25",231.192230224609,115.465560913086
"2024-11-26",233.366455078125,116.043907165527
"2024-11-27",233.237380981445,114.47200012207
"2024-11-29",235.6201171875,115.534767150879
"2024-12-02",237.863815307617,116.632133483887
"2024-12-03",240.901779174805,117.052307128906
"2024-12-04",241.259185791016,119.192649841309
"2024-12-05",241.288955688477,118.58959197998
"2024-12-06",241.090408325195,119.049285888672
"2024-12-09",244.972229003906,118.273231506348
"2024-12-10",245.98486328125,116.632133483887
"2024-12-11",244.714126586914,118.322662353516
"2024-12-12",246.17350769043,117.660293579102
"2024-12-13",246.342300415039,118.164482116699
"2024-12-16",249.231292724609,119.345886230469
"2024-12-17",251.653747558594,118.624183654785
"2024-12-18",246.26286315918,114.79825592041
"2024-12-19",247.990310668945,114.921829223633
"2024-12-20",252.656478881836,116.637077331543
"2024-12-23",253.430847167969,117.87287902832
"2024-12-24",256.339752197266,119.090881347656
"2024-12-26",257.153747558594,119.170104980469
"2024-12-27",253.748550415039,117.585716247559
"2024-12-30",250.382965087891,116.090461730957
"2024-12-31",248.615798950195,115.124977111816
"2025-01-02",242.093139648438,114.852661132812
"2025-01-03",241.606658935547,116.72420501709
"2025-01-06",243.234848022461,118.209571838379
"2025-01-07",240.464950561523,115.837944030762
"2025-01-08",240.951400756836,115.798347473145
"2025-01-10",235.143600463867,113.273231506348
"2025-01-13",232.711212158203,112.471145629883
"2025-01-14",231.599273681641,112.768203735352
"2025-01-15",236.156188964844,115.011100769043
"2025-01-16",226.615432739258,114.124839782715
"2025-01-17",228.323043823242,115.912208557129
"2025-01-21",221.035919189453,116.87769317627
"2025-01-22",222.217361450195,119.516677856445
"2025-01-23",222.048599243164,119.72957611084
"2025-01-24",221.174926757812,118.481880187988
"2025-01-27",228.203918457031,112.674140930176
"2025-01-28",236.543395996094,115.67951965332
"2025-01-29",237.635467529297,114.738792419434
"2025-01-30",235.878219604492,114.951683044434
"2025-01-31",234.299682617188,114.278327941895
"2025-02-03",226.367248535156,112.738502502441
"2025-02-04",231.122772216797,114.362495422363
"2025-02-05",230.795120239258,115.95182800293
"2025-02-06",231.53971862793,116.268699645996
"2025-02-07",225.990005493164,115.273513793945
"2025-02-10",226.258331298828,116.956924438477
"2025-02-11",231.197967529297,117.011383056641
"2025-02-12",235.421951293945,116.75887298584
"2025-02-13",240.053482055664,118.412567138672
"2025-02-14",243.104705810547,118.813613891602
"2025-02-18",242.975524902344,119.897918701172
"2025-02-19",243.373062133789,119.907821655273
"2025-02-20",244.327194213867,119.526588439941
"2025-02-21",244.048904418945,116.288505554199
"2025-02-24",245.589447021484,114.624908447266
"2025-02-25",245.529800415039,113.139556884766
"2025-02-26",238.890640258789,114.372398376465
"2025-02-27",235.849334716797,110.208457946777
"2025-02-28",240.361587524414,111.664100646973
"2025-03-03",236.57487487793,108.267578125
"2025-03-04",234.487701416016,108.183418273926
"2025-03-05",234.298889160156,109.703430175781
"2025-03-06",233.891403198242,106.65845489502
"2025-03-07",237.608535766602,108.203201293945
"2025-03-10",226.089370727539,103.603569030762
"2025-03-11",219.489959716797,103.182716369629
"2025-03-12",215.653564453125,104.806701660156
"2025-03-13",208.398178100586,102.816329956055
"2025-03-14",212.18489074707,105.925682067871
"2025-03-17",212.691787719727,106.663398742676
"2025-03-18",211.389785766602,105.039405822754
"2025-03-19",213.924209594727,106.405944824219
"2025-03-20",212.791168212891,105.648406982422
"2025-03-21",216.935684204102,105.935577392578
"2025-03-24",219.380630493164,107.941856384277
"2025-03-25",222.382186889648,108.298957824707
"2025-03-26",220.175750732422,105.883499145508
"2025-03-27",222.481582641602,104.906402587891
"2025-03-28",216.567932128906,102.361976623535
"2025-03-31",220.772064208984,102.411590576172
"2025-04-01",221.825607299805,103.160522460938
"2025-04-02",222.521331787109,103.924346923828
"2025-04-03",201.947875976562,96.8317260742188
"2025-04-04",187.228408813477,90.4533157348633
"2025-04-07",180.350708007812,90.9939575195312
"2025-04-08",171.365966796875,89.143913269043
"2025-04-09",197.634384155273,101.112098693848
"2025-04-10",189.255935668945,96.4051666259766
"2025-04-11",196.938659667969,98.3792114257812
"2025-04-14",201.281982421875,99.2769393920898
"2025-04-15",200.904281616211,99.6390075683594
"2025-04-16",193.082382202148,96.1770172119141
"2025-04-17",195.775848388672,95.6562347412109
"2025-04-21",191.979202270508,93.1862106323242
"2025-04-22",198.518966674805,95.4578399658203
"2025-04-23",203.349258422852,98.2254486083984
"2025-04-24",207.09619140625,101.89079284668
"2025-04-25",208.000640869141,103.398597717285
"2025-04-28",208.855361938477,103.229972839355
"2025-04-29",209.918869018555,103.711074829102
"2025-04-30",211.200942993164,104.142585754395
"2025-05-01",212.015960693359,105.670227050781
"2025-05-02",204.094665527344,107.435943603516
"2025-05-05",197.674163818359,106.865562438965
"2025-05-06",197.296463012695,105.977745056152
"2025-05-07",195.050277709961,107.03914642334
"2025-05-08",196.28271484375,108.060882568359
"2025-05-09",197.316360473633,107.926979064941
"2025-05-12",209.776123046875,112.93643951416
"2025-05-13",211.905838012695,115.376708984375
"2025-05-14",211.308715820312,116.12565612793
"2025-05-15",210.432968139648,116.284362792969
"2025-05-16",210.243865966797,116.50260925293
"2025-05-19",207.775787353516,116.333969116211
"2025-05-20",205.865036010742,115.897491455078
"2025-05-21",201.117980957031,113.720100402832
"2025-05-22",200.391494750977,113.749870300293
"2025-05-23",194.330780029297,112.495025634766
"2025-05-27",199.247039794922,115.168395996094
"2025-05-28",199.456008911133,114.692245483398
"2025-05-29",198.988265991211,114.885681152344
"2025-05-30",199.883941650391,114.528579711914
"2025-06-02",200.729858398438,115.540382385254
"2025-06-03",202.29231262207,117.276336669922
"2025-06-04",201.844482421875,117.449951171875
"2025-06-05",199.665008544922,117.117630004883
"2025-06-06",202.939178466797,118.223693847656
"2025-06-09",200.481048583984,118.803985595703
"2025-06-10",201.695175170898,119.468605041504
"2025-06-11",197.82389831543,119.205726623535
"2025-06-12",198.241897583008,120.311790466309
"2025-06-13",195.505111694336,118.625434875488
"2025-06-16",197.465637207031,120.544898986816
"2025-06-17",194.699020385742,119.69181060791
"2025-06-18",195.634475708008,119.835632324219
"2025-06-20",200.033218383789,119.30492401123
"2025-06-23",200.530807495117,120.66520690918
"2025-06-24",199.336578369141,122.831298828125
"2025-06-25",200.590530395508,123.879554748535
"2025-06-26",200.033218383789,124.734077453613
"2025-06-27",200.112854003906,124.585037231445
"2025-06-30",204.183151245117,125.807174682617
"2025-07-01",206.820419311523,124.684387207031
"2025-07-02",211.418197631836,126.000946044922
"2025-07-03",212.522857666016,127.660278320312
"2025-07-07",208.940170288086,126.646789550781
"2025-07-08",208.999877929688,127.327415466309
"2025-07-09",210.124450683594,128.092514038086
"2025-07-10",211.388320922852,127.670219421387
"2025-07-11",210.144348144531,127.108818054199
"2025-07-14",207.616561889648,127.004493713379
"2025-07-15",208.104217529297,128.132247924805
"2025-07-16",209.149169921875,128.529693603516
"2025-07-17",209.009857177734,129.697204589844
"2025-07-18",210.164260864258,129.612747192383
"2025-07-21",211.457992553711,129.781677246094
"2025-07-22",213.368774414062,128.579376220703
"2025-07-23",213.11994934082,129.314651489258
"2025-07-24",212.731842041016,129.86116027832
"2025-07-25",212.851272583008,130.159225463867
"2025-07-28",213.020462036133,131.197570800781
"2025-07-29",210.253845214844,131.202545166016
"2025-07-30",208.044509887695,131.495651245117
"2025-07-31",206.571624755859,130.531845092773
"2025-08-01",201.406600952148,127.71492767334
"2025-08-04",202.371932983398,130.30827331543
"2025-08-05",201.943969726562,129.230209350586
"2025-08-06",212.224304199219,130.685852050781
"2025-08-07",218.971694946289,130.805084228516
"2025-08-08",228.246871948242,132.111709594727
"2025-08-11",226.343887329102,131.21745300293
"2025-08-12",228.804779052734,133.249374389648
"2025-08-13",232.471267700195,133.299057006836
"2025-08-14",231.923294067383,133.010940551758
"2025-08-15",230.737655639648,132.002395629883
"2025-08-18",230.040222167969,132.285583496094
"2025-08-19",229.711456298828,129.975402832031
"2025-08-20",225.178192138672,129.096069335938
"2025-08-21",224.072265625,128.62907409668
"2025-08-22",226.921752929688,130.37287902832
"2025-08-25",226.323974609375,130.079742431641
"2025-08-26",228.466033935547,130.675933837891
"2025-08-27",229.641723632812,131.381378173828
"2025-08-28",231.704086303711,132.419738769531
"2025-08-29",231.285629272461,130.387771606445
"2025-09-02",228.874542236328,129.071212768555
"2025-09-03",237.592346191406,129.841293334961
"2025-09-04",238.897521972656,130.482177734375
"2025-09-05",238.807846069336,130.591445922852
"2025-09-08",237.004516601562,131.570175170898
"2025-09-09",233.487487792969,131.823547363281
"2025-09-10",225.955337524414,134.213195800781
"2025-09-11",229.183410644531,134.665298461914
"2025-09-12",233.208541870117,134.575881958008
"2025-09-15",235.828842163086,135.788101196289
"2025-09-16",237.273529052734,135.316131591797
"2025-09-17",238.110427856445,134.84912109375
"2025-09-18",237.004516601562,137.179168701172
"2025-09-19",244.596466064453,138.570236206055
"2025-09-22",255.137512207031,140.608764648438
"2025-09-23",253.493576049805,139.394989013672
"2025-09-24",251.381408691406,138.534423828125
"2025-09-25",255.924606323242,138.290679931641
"2025-09-26",254.519805908203,138.708526611328
"2025-09-29",253.493576049805,139.44970703125
"2025-09-30",253.69287109375,140.210830688477
"2025-10-01",254.509857177734,141.583770751953
"2025-10-02",256.183624267578,142.349838256836
"2025-10-03",257.070373535156,141.633514404297
"2025-10-06",255.74528503418,143.066162109375
"2025-10-07",255.536071777344,142.111053466797
"2025-10-08",257.110229492188,144.603286743164
"2025-10-09",253.105026245117,144.359527587891
"2025-10-10",244.367309570312,138.48469543457
"2025-10-13",246.748519897461,141.857376098633
"2025-10-14",246.858108520508,140.036712646484
"2025-10-15",248.422332763672,141.424591064453
"2025-10-16",246.539291381836,141.529052734375
"2025-10-17",251.361465454102,141.777786254883
"2025-10-20",261.274841308594,143.359664916992
"2025-10-21",261.802917480469,143.434265136719
"2025-10-22",257.498840332031,142.016555786133
"2025-10-23",258.624633789062,143.807373046875
"2025-10-24",261.852722167969,146.040908813477
"2025-10-27",267.820709228516,148.737091064453
"2025-10-28",268.010009765625,150.209518432617
"2025-10-29",268.707397460938,151.289001464844
"2025-10-30",270.401153564453,149.42854309082
"2025-10-31",269.374938964844,149.572799682617
"2025-11-03",268.059753417969,150.184661865234
"2025-11-04",269.046173095703,146.219985961914
"2025-11-05",269.145812988281,146.792053222656
"2025-11-06",268.777130126953,143.842193603516
"2025-11-07",267.481903076172,143.3447265625
"2025-11-10",268.698608398438,147.010940551758
"2025-11-11",274.502807617188,145.757385253906
"2025-11-12",272.727630615234,146.210052490234
"2025-11-13",272.209075927734,142.563751220703
"2025-11-14",271.670501708984,143.339767456055
"2025-11-17",266.733947753906,141.096267700195
"2025-11-18",266.714050292969,138.803039550781
"2025-11-19",267.830963134766,139.768096923828
"2025-11-20",265.527252197266,135.380584716797
"2025-11-21",270.752990722656,135.902923583984
"2025-11-24",275.171020507812,139.141296386719
"2025-11-25",276.218170166016,139.514389038086
"2025-11-26",276.796569824219,141.165924072266
"2025-11-28",278.093048095703,142.379684448242
"2025-12-01",282.331512451172,142.444366455078
"2025-12-02",285.413116455078,143.911834716797
"2025-12-03",283.378662109375,144.255065917969
"2025-12-04",279.938018798828,144.79231262207
"2025-12-05",278.023254394531,145.851867675781
"2025-12-08",277.135650634766,146.876617431641
"2025-12-09",276.427581787109,147.2646484375
"2025-12-10",278.023254394531,147.970993041992
"2025-12-11",277.275268554688,147.214904785156
"2025-12-12",277.524627685547,142.956741333008
"2025-12-15",273.365875244141,141.573822021484
"2025-12-16",273.864532470703,141.832504272461
"2025-12-17",271.10205078125,138.678665161133
"2025-12-18",271.451141357422,140.817687988281
"2025-12-19",272.927124023438,143.862091064453
"2025-12-22",270.234436035156,144.638275146484
"2025-12-23",271.620666503906,145.425445556641
"2025-12-24",273.066711425781,145.774185180664
"2025-12-26",272.657806396484,146.003356933594
"2025-12-29",273.016876220703,145.345733642578
"2025-12-30",272.338684082031,144.887390136719
"2025-12-31",271.122009277344,143.452560424805
"2026-01-02",270.274322509766,143.781372070312
"2026-01-05",266.534515380859,144.100204467773
"2026-01-06",261.647796630859,146.122924804688
"2026-01-07",259.623291015625,146.003356933594
"2026-01-08",258.336822509766,143.721588134766
"2026-01-09",258.665924072266,145.624725341797
"2026-01-12",259.543518066406,146.262420654297
"2026-01-13",260.341339111328,145.953536987305
"2026-01-14",259.254333496094,144.179931640625
"2026-01-15",257.509063720703,144.937210083008
"2026-01-16",254.836349487305,145.096618652344
"2026-01-20",246.030319213867,141.330215454102
"2026-01-21",246.977752685547,143.293121337891
"2026-01-22",247.675842285156,144.359283447266
"2026-01-23",247.366683959961,144.56852722168
"2026-01-26",254.716674804688,145.554977416992
"2026-01-27",257.568878173828,147.51789855957
"2026-01-28",255.743896484375,148.693649291992
"2026-01-29",257.578887939453,146.342132568359
"2026-01-30",258.775634765625,143.362899780273
"2026-02-02",269.277069091797,144.737899780273
"2026-02-03",268.748504638672,141.569351196289
"2026-02-04",275.739410400391,137.623580932617
"2026-02-05",275.161041259766,135.142532348633
"2026-02-06",277.364990234375,140.622756958008
"2026-02-09",274.130798339844,142.83479309082
"2026-02-10",273.192443847656,142.037673950195
"2026-02-11",275.009216308594,142.456161499023
"2026-02-12",261.263763427734,138.709686279297
"2026-02-13",255.324356079102,139.058410644531
"2026-02-17",263.409942626953,138.978698730469
"2026-02-18",263.879119873047,140.403564453125
"2026-02-19",260.115783691406,139.706069946289
"2026-02-20",264.108673095703,140.373672485352
"2026-02-23",265.705810546875,138.022155761719
"2026-02-24",271.655242919922,139.815689086914
"2026-02-25",273.741516113281,142.496002197266
"2026-02-26",272.463775634766,140.503189086914
"2026-02-27",263.709411621094,138.261276245117
"2026-03-02",264.248413085938,139.038467407227
"2026-03-03",263.280181884766,137.005813598633
"2026-03-04",262.052337646484,139.33740234375
"2026-03-05",259.826324462891,139.676177978516
"2026-03-06",257.001342773438,136.796569824219
"2026-03-09",259.417053222656,139.257690429688
"2026-03-10",260.365356445312,139.257690429688
"2026-03-11",260.345397949219,139.925277709961
"2026-03-12",255.304397583008,137.344589233398
"2026-03-13",249.674438476562,136.308334350586
"2026-03-16",252.369644165039,138.281219482422
"2026-03-17",253.777114868164,139.038467407227
"2026-03-18",249.494766235352,137.464157104492
"2026-03-19",248.516525268555,137.932464599609
"2026-03-20",247.548233032227,134.803756713867
"2026-03-23",251.042007446289,136.627456665039
"2026-03-24",251.19172668457,135.829330444336
"2026-03-25",252.169982910156,136.437896728516
"2026-03-26",252.439514160156,132.187927246094
"2026-03-27",248.356796264648,129.614013671875
"2026-03-30",246.190658569336,127.199714660645
"2026-03-31",253.337905883789,132.586990356445
"2026-04-01",255.17463684082,134.592254638672
"2026-04-02",255.464111328125,135.669723510742
"2026-04-06",258.398864746094,136.457855224609
"2026-04-07",253.048416137695,137.106307983398
"2026-04-08",258.438812255859,141.356292724609
"2026-04-09",260.025970458984,141.735397338867
"2026-04-10",260.015991210938,142.284088134766
"2026-04-13",258.73828125,145.267059326172
"2026-04-14",258.368927001953,147.591567993164
"2026-04-15",265.955383300781,149.946014404297
"2026-04-16",262.930786132812,151.661972045898
"2026-04-17",269.748626708984,153.986480712891
"2026-04-20",272.563568115234,154.19596862793
"2026-04-21",265.695861816406,154.325668334961
"2026-04-22",272.683410644531,157.717666625977
"2026-04-23",272.942901611328,155.472961425781
"2026-04-24",270.577117919922,159.842651367188
"2026-04-27",267.133270263672,160.191833496094
"2026-04-28",270.227752685547,157.478240966797
"2026-04-29",269.688720703125,158.735260009766
"2026-04-30",270.866638183594,159.12434387207
"2026-05-01",279.640991210938,161.488754272461
"2026-05-04",276.336822509766,161.668350219727
"2026-05-05",283.673767089844,165.239898681641
"2026-05-06",286.997863769531,169.629547119141
"2026-05-07",286.927978515625,169.29035949707
"2026-05-08",292.797485351562,175.106628417969
"2026-05-11",292.427795410156,177.461059570312
"2026-05-12",294.545959472656,174.787368774414
"2026-05-13",298.612457275391,176.433486938477
"2026-05-14",297.953033447266,179.077239990234
"2026-05-15",299.971313476562,175.844863891602
"2026-05-18",297.583343505859,173.949340820312
"2026-05-19",298.712371826172,172.831985473633
"2026-05-20",301.989562988281,176.722793579102
"2026-05-21",304.727172851562,178.17936706543
"2026-05-22",308.553894042969,179.965133666992
"2026-05-26",308.064300537109,184.703964233398
"2026-05-27",310.582153320312,183.995620727539
"2026-05-28",312.24072265625,186.409927368164
"2026-05-29",311.791107177734,190.570114135742
"2026-06-01",306.046051025391,195.298950195312
"2026-06-02",314.928405761719,197.743194580078
"2026-06-03",309.992645263672,195.767837524414
"2026-06-04",310.961822509766,192.715042114258
"2026-06-05",307.075164794922,179.875350952148
"2026-06-08",301.280181884766,183.746215820312
"2026-06-09",290.299621582031,180.344253540039
"2026-06-10",291.328735351562,176.214004516602
"2026-06-11",295.375244140625,182.778503417969
"2026-06-12",290.879150390625,184.364761352539
"2026-06-15",296.164581298828,191.338287353516
"2026-06-16",298.982147216797,186.000900268555
"2026-06-17",295.694976806641,185.362411499023
"2026-06-18",297.753204345703,190.989120483398
"2026-06-22",296.754089355469,191.926025390625
"2026-06-23",294.04638671875,183.975311279297
"2026-06-24",292.827423095703,182.836639404297
"2026-06-25",274.912902832031,184.354873657227
"2026-06-26",283.535461425781,180.898895263672
"2026-06-29",281.497222900391,185.193878173828
"2026-06-30",289.110656738281,190.297927856445
"2026-07-01",294.126342773438,185.403625488281
"2026-07-02",308.364044189453,180.379501342773
"2026-07-06",312.390594482422,183.356033325195
"2026-07-07",310.392303466797,178.971130371094
"2026-07-08",313.119964599609,181.188552856445
"2026-07-09",315.947509765625,185.13395690918
"2026-07-10",315.048309326172,185.563446044922
"2026-07-13",317.036560058594,181.068695068359
"2026-07-14",314.588684082031,183.405960083008
"2026-07-15",327.217803955078,181.368347167969
"2026-07-16",332.972839355469,177.313079833984
"2026-07-17",333.452392578125,175.385330200195
"2026-07-20",326.308563232422,175.505187988281
"2026-07-21",327.457580566406,180.569274902344
"2026-07-22",325.609191894531,180.059875488281
"2026-07-23",321.382843017578,178.241989135742
"2026-07-24",332.733032226562,175.674987792969
"2026-07-27",336.619689941406,174.096832275391
"2026-07-28",339.786926269531,170.890563964844
"2026-07-29",337.898590087891,166.375854492188
"2026-07-30",333.142669677734,175.525161743164
"2026-07-31",308.643829345703,175.145614624023
"2026-08-03",303.158569335938,177.832458496094
"2026-08-04",309.113403320312,186.682144165039
"2026-08-05",310.732025146484,185.693298339844
"2026-08-06",312.140808105469,185.113983154297
"2026-08-07",313.059997558594,187.750900268555
"2026-08-10",308.260009765625,186.102828979492
"2026-08-11",304.910003662109,185.873077392578
"2026-08-12",302.25,188.639862060547
"2026-08-13",305.260009765625,190.547637939453
"2026-08-14",305.929992675781,189.788513183594
"2026-08-17",305.589996337891,190.098159790039
"2026-08-18",310.029998779297,185.403625488281
"2026-08-19",316.829986572266,183.42594909668
"2026-08-20",311.299987792969,182.886581420898
"2026-08-21",309.350006103516,183.096328735352
"2026-08-24",310.339996337891,179.840133666992
"2026-08-25",309.899993896484,181.528167724609
"2026-08-26",313.450012207031,182.626876831055
"2026-08-27",314.579986572266,188.390151977539
"2026-08-28",319.700012207031,185.473556518555
"2026-08-31",316.850006103516,186.282608032227
"2026-09-01",325.130004882812,183.42594909668
"2026-09-02",324.959991455078,183.386001586914
"2026-09-03",328.209991455078,185.753234863281
"2026-09-04",319.970001220703,187.061706542969
"2026-09-08",316.220001220703,187.651000976562
"2026-09-09",315.339996337891,187.651000976562
"2026-09-10",326.570007324219,185.004104614258
"2026-09-11",332.269989013672,187.451248168945
"2026-09-14",333.079986572266,184.065200805664
"2026-09-15",331.339996337891,183.525833129883
"2026-09-16",332.410003662109,183.715591430664
"2026-09-17",337,187.840789794922
"2026-09-18",336.130004882812,189.378997802734
"2026-09-21",338.980010986328,194.850006103516
"2026-09-22",339.75,196.270004272461
"2026-09-23",337.019989013672,195.339996337891
"2026-09-24",335.920013427734,194.710006713867
"2026-09-25",341.070007324219,196.270004272461
"2026-09-28",338.399993896484,194.529998779297
"2026-09-29",329.399993896484,194.5
