arch,W,units,fold,mse,base_mse,ratio
LSTM,20,16,0,0.8308694205610665,0.8236948924996549,1.0087101767010345
LSTM,20,16,1,0.31075462982449004,0.30395394822146543,1.0223740525261067
LSTM,20,16,2,0.5569865065062817,0.5528041678469299,1.007565678593997
LSTM,20,16,3,1.179168169970898,1.1739686856470095,1.0044289804212476
LSTM,20,32,0,0.8261943664880148,0.8236948924996549,1.0030344658090264
LSTM,20,32,1,0.309573694546231,0.30395394822146543,1.0184888084449917
LSTM,20,32,2,0.5592394995124012,0.5528041678469299,1.0116412502650545
LSTM,20,32,3,1.1776111869699257,1.1739686856470095,1.003102724431622
LSTM,60,16,0,0.8314514427752618,0.8234728481305916,1.0096889589775582
LSTM,60,16,1,0.3073622958242169,0.30345776241527117,1.0128668101216753
LSTM,60,16,2,0.5568200980572864,0.5529416648567766,1.0070141815077625
LSTM,60,16,3,1.1787922222744345,1.1738905368092698,1.004175589896557
LSTM,60,32,0,0.8260139296423052,0.8234728481305916,1.003085810925621
LSTM,60,32,1,0.30765952325702756,0.30345776241527117,1.0138462789955145
LSTM,60,32,2,0.558861013463255,0.5529416648567766,1.0107051954712285
LSTM,60,32,3,1.178413164835889,1.1738905368092698,1.0038526829246892
GRU,20,16,0,0.838623197834374,0.8236948924996549,1.018123586136872
GRU,20,16,1,0.3081074328899633,0.30395394822146543,1.0136648485495954
GRU,20,16,2,0.5542558413241462,0.5528041678469299,1.002626017605602
GRU,20,16,3,1.1809252352360586,1.1739686856470095,1.0059256687798408
GRU,20,32,0,0.8315465750306937,0.8236948924996549,1.0095322705076044
GRU,20,32,1,0.31150326138162987,0.30395394822146543,1.0248370294392883
GRU,20,32,2,0.5566374890039942,0.5528041678469299,1.0069343202892165
GRU,20,32,3,1.1800151387752207,1.1739686856470095,1.0051504381693783
GRU,60,16,0,0.8247106772840657,0.8234728481305916,1.001503181502929
GRU,60,16,1,0.3065953524713086,0.30345776241527117,1.0103394621744548
GRU,60,16,2,0.5544068126372633,0.5529416648567766,1.0026497330073076
GRU,60,16,3,1.1823925304407183,1.1738905368092698,1.007242577876603
GRU,60,32,0,0.8285245487015864,0.8234728481305916,1.0061346291896118
GRU,60,32,1,0.3091907869637392,0.30345776241527117,1.0188923311858558
GRU,60,32,2,0.5559857995755463,0.5529416648567766,1.0055053451607017
GRU,60,32,3,1.1799450787488357,1.1738905368092698,1.005157671648008
